name_base_id,name_base,coverage_kind,country_code,source_region,source_year,source_rank,gender,localized_name,romanized_name,source_population,source_note,source_dataset,source_license
"0","German","direct_country","AT","","2021","1","female","Marie","Marie","","","popular-names-by-country-dataset","CC0-1.0"
"0","German","direct_country","AT","","2021","1","male","Paul","Paul","","","popular-names-by-country-dataset","CC0-1.0"
"0","German","direct_country","AT","Vienna","2022","1","female","Sophia","Sophia","","","popular-names-by-country-dataset","CC0-1.0"
"0","German","direct_country","AT","Vienna","2022","1","male","Mateo","Mateo","","","popular-names-by-country-dataset","CC0-1.0"
"0","German","direct_country","AT","","2021","2","female","Emilia","Emilia","","","popular-names-by-country-dataset","CC0-1.0"
"0","German","direct_country","AT","","2021","2","male","Jakob","Jakob","","","popular-names-by-country-dataset","CC0-1.0"
"0","German","direct_country","AT","Vienna","2022","2","female","Emilia","Emilia","","","popular-names-by-country-dataset","CC0-1.0"
"0","German","direct_country","AT","Vienna","2022","2","male","Luka","Luka","","","popular-names-by-country-dataset","CC0-1.0"
"0","German","direct_country","AT","","2021","3","female","Anna","Anna","","","popular-names-by-country-dataset","CC0-1.0"
"0","German","direct_country","AT","","2021","3","male","Maximilian","Maximilian","","","popular-names-by-country-dataset","CC0-1.0"
"0","German","direct_country","AT","Vienna","2022","3","female","Sara","Sara","","","popular-names-by-country-dataset","CC0-1.0"
"0","German","direct_country","AT","Vienna","2022","3","male","Theodor","Theodor","","","popular-names-by-country-dataset","CC0-1.0"
"0","German","direct_country","AT","","2021","4","female","Emma","Emma","","","popular-names-by-country-dataset","CC0-1.0"
"0","German","direct_country","AT","","2021","4","male","Elias","Elias","","","popular-names-by-country-dataset","CC0-1.0"
"0","German","direct_country","AT","Vienna","2022","4","female","Hannah","Hannah","","","popular-names-by-country-dataset","CC0-1.0"
"0","German","direct_country","AT","Vienna","2022","4","male","Elias","Elias","","","popular-names-by-country-dataset","CC0-1.0"
"0","German","direct_country","AT","","2021","5","female","Lena","Lena","","","popular-names-by-country-dataset","CC0-1.0"
"0","German","direct_country","AT","","2021","5","male","David","David","","","popular-names-by-country-dataset","CC0-1.0"
"0","German","direct_country","AT","Vienna","2022","5","female","Mia","Mia","","","popular-names-by-country-dataset","CC0-1.0"
"0","German","direct_country","AT","Vienna","2022","5","male","Noah","Noah","","","popular-names-by-country-dataset","CC0-1.0"
"0","German","direct_country","AT","","2021","6","female","Mia","Mia","","","popular-names-by-country-dataset","CC0-1.0"
"0","German","direct_country","AT","","2021","6","male","Felix","Felix","","","popular-names-by-country-dataset","CC0-1.0"
"0","German","direct_country","AT","Vienna","2022","6","female","Emma","Emma","","","popular-names-by-country-dataset","CC0-1.0"
"0","German","direct_country","AT","Vienna","2022","6","male","Felix","Felix","","","popular-names-by-country-dataset","CC0-1.0"
"0","German","direct_country","AT","","2021","7","female","Laura","Laura","","","popular-names-by-country-dataset","CC0-1.0"
"0","German","direct_country","AT","","2021","7","male","Leon","Leon","","","popular-names-by-country-dataset","CC0-1.0"
"0","German","direct_country","AT","Vienna","2022","7","female","Anna","Anna","","","popular-names-by-country-dataset","CC0-1.0"
"0","German","direct_country","AT","Vienna","2022","7","male","Mohammad","Mohammad","","","popular-names-by-country-dataset","CC0-1.0"
"0","German","direct_country","AT","","2021","8","female","Valentina","Valentina","","","popular-names-by-country-dataset","CC0-1.0"
"0","German","direct_country","AT","","2021","8","male","Tobias","Tobias","","","popular-names-by-country-dataset","CC0-1.0"
"0","German","direct_country","AT","Vienna","2022","8","female","Sophie","Sophie","","","popular-names-by-country-dataset","CC0-1.0"
"0","German","direct_country","AT","Vienna","2022","8","male","Alexander","Alexander","","","popular-names-by-country-dataset","CC0-1.0"
"0","German","direct_country","AT","","2021","9","female","Hannah","Hannah","","","popular-names-by-country-dataset","CC0-1.0"
"0","German","direct_country","AT","","2021","9","male","Jonas","Jonas","","","popular-names-by-country-dataset","CC0-1.0"
"0","German","direct_country","AT","Vienna","2022","9","female","Laura","Laura","","","popular-names-by-country-dataset","CC0-1.0"
"0","German","direct_country","AT","Vienna","2022","9","male","Adam","Adam","","","popular-names-by-country-dataset","CC0-1.0"
"0","German","direct_country","AT","","2021","10","female","Lea","Lea","","","popular-names-by-country-dataset","CC0-1.0"
"0","German","direct_country","AT","","2021","10","male","Noah","Noah","","","popular-names-by-country-dataset","CC0-1.0"
"0","German","direct_country","AT","Vienna","2022","10","female","Elena","Elena","","","popular-names-by-country-dataset","CC0-1.0"
"0","German","direct_country","AT","Vienna","2022","10","male","David","David","","","popular-names-by-country-dataset","CC0-1.0"
"0","German","direct_country","DE","","2022","1","female","Emilia","Emilia","","","popular-names-by-country-dataset","CC0-1.0"
"0","German","direct_country","DE","","2022","1","male","Noah","Noah","","","popular-names-by-country-dataset","CC0-1.0"
"0","German","direct_country","DE","","2022","2","female","Mia","Mia","","","popular-names-by-country-dataset","CC0-1.0"
"0","German","direct_country","DE","","2022","2","male","Matteo","Matteo","","","popular-names-by-country-dataset","CC0-1.0"
"0","German","direct_country","DE","","2022","3","female","Sophia","Sophia","","","popular-names-by-country-dataset","CC0-1.0"
"0","German","direct_country","DE","","2022","3","male","Elias","Elias","","","popular-names-by-country-dataset","CC0-1.0"
"0","German","direct_country","DE","","2022","4","female","Emma","Emma","","","popular-names-by-country-dataset","CC0-1.0"
"0","German","direct_country","DE","","2022","4","male","Finn","Finn","","","popular-names-by-country-dataset","CC0-1.0"
"0","German","direct_country","DE","","2022","5","female","Hannah","Hannah","","","popular-names-by-country-dataset","CC0-1.0"
"0","German","direct_country","DE","","2022","5","male","Leon","Leon","","","popular-names-by-country-dataset","CC0-1.0"
"0","German","direct_country","DE","","2022","6","female","Lina","Lina","","","popular-names-by-country-dataset","CC0-1.0"
"0","German","direct_country","DE","","2022","6","male","Theo","Theo","","","popular-names-by-country-dataset","CC0-1.0"
"0","German","direct_country","DE","","2022","7","female","Mila","Mila","","","popular-names-by-country-dataset","CC0-1.0"
"0","German","direct_country","DE","","2022","7","male","Paul","Paul","","","popular-names-by-country-dataset","CC0-1.0"
"0","German","direct_country","DE","","2022","8","female","Ella","Ella","","","popular-names-by-country-dataset","CC0-1.0"
"0","German","direct_country","DE","","2022","8","male","Emil","Emil","","","popular-names-by-country-dataset","CC0-1.0"
"0","German","direct_country","DE","","2022","9","female","Leni","Leni","","","popular-names-by-country-dataset","CC0-1.0"
"0","German","direct_country","DE","","2022","9","male","Henry","Henry","","","popular-names-by-country-dataset","CC0-1.0"
"0","German","direct_country","DE","","2022","10","female","Clara","Clara","","","popular-names-by-country-dataset","CC0-1.0"
"0","German","direct_country","DE","","2022","10","male","Ben","Ben","","","popular-names-by-country-dataset","CC0-1.0"
"1","English","direct_country","GB","England","2021","1","female","Olivia","Olivia","","","popular-names-by-country-dataset","CC0-1.0"
"1","English","direct_country","GB","England","2021","1","male","Noah","Noah","","","popular-names-by-country-dataset","CC0-1.0"
"1","English","direct_country","GB","Wales","2021","1","female","Olivia","Olivia","","","popular-names-by-country-dataset","CC0-1.0"
"1","English","direct_country","GB","Wales","2021","1","male","Noah","Noah","","","popular-names-by-country-dataset","CC0-1.0"
"1","English","direct_country","GB","Northern Ireland","2022","1","female","Grace","Grace","","","popular-names-by-country-dataset","CC0-1.0"
"1","English","direct_country","GB","Northern Ireland","2022","1","male","James","James","","","popular-names-by-country-dataset","CC0-1.0"
"1","English","direct_country","GB","Scotland","2022","1","female","Olivia","Olivia","","","popular-names-by-country-dataset","CC0-1.0"
"1","English","direct_country","GB","Scotland","2022","1","male","Noah","Noah","","","popular-names-by-country-dataset","CC0-1.0"
"1","English","direct_country","GB","England","2021","2","female","Amelia","Amelia","","","popular-names-by-country-dataset","CC0-1.0"
"1","English","direct_country","GB","England","2021","2","male","George","George","","","popular-names-by-country-dataset","CC0-1.0"
"1","English","direct_country","GB","Wales","2021","2","female","Amelia","Amelia","","","popular-names-by-country-dataset","CC0-1.0"
"1","English","direct_country","GB","Wales","2021","2","male","Oliver","Oliver","","","popular-names-by-country-dataset","CC0-1.0"
"1","English","direct_country","GB","Northern Ireland","2022","2","female","Emily","Emily","","","popular-names-by-country-dataset","CC0-1.0"
"1","English","direct_country","GB","Northern Ireland","2022","2","male","Jack","Jack","","","popular-names-by-country-dataset","CC0-1.0"
"1","English","direct_country","GB","Scotland","2022","2","female","Isla","Isla","","","popular-names-by-country-dataset","CC0-1.0"
"1","English","direct_country","GB","Scotland","2022","2","male","Jack","Jack","","","popular-names-by-country-dataset","CC0-1.0"
"1","English","direct_country","GB","England","2021","3","female","Isla","Isla","","","popular-names-by-country-dataset","CC0-1.0"
"1","English","direct_country","GB","England","2021","3","male","Oliver","Oliver","","","popular-names-by-country-dataset","CC0-1.0"
"1","English","direct_country","GB","Wales","2021","3","female","Isla","Isla","","","popular-names-by-country-dataset","CC0-1.0"
"1","English","direct_country","GB","Wales","2021","3","male","Arthur","Arthur","","","popular-names-by-country-dataset","CC0-1.0"
"1","English","direct_country","GB","Northern Ireland","2022","3","female","Fiadh","Fiadh","","","popular-names-by-country-dataset","CC0-1.0"
"1","English","direct_country","GB","Northern Ireland","2022","3","male","Noah","Noah","","","popular-names-by-country-dataset","CC0-1.0"
"1","English","direct_country","GB","Scotland","2022","3","female","Freya","Freya","","","popular-names-by-country-dataset","CC0-1.0"
"1","English","direct_country","GB","Scotland","2022","3","male","Leo","Leo","","","popular-names-by-country-dataset","CC0-1.0"
"1","English","direct_country","GB","England","2021","4","female","Ava","Ava","","","popular-names-by-country-dataset","CC0-1.0"
"1","English","direct_country","GB","England","2021","4","male","Muhammad","Muhammad","","","popular-names-by-country-dataset","CC0-1.0"
"1","English","direct_country","GB","Wales","2021","4","female","Freya","Freya","","","popular-names-by-country-dataset","CC0-1.0"
"1","English","direct_country","GB","Wales","2021","4","male","Theo","Theo","","","popular-names-by-country-dataset","CC0-1.0"
"1","English","direct_country","GB","Northern Ireland","2022","4","female","Olivia","Olivia","","","popular-names-by-country-dataset","CC0-1.0"
"1","English","direct_country","GB","Northern Ireland","2022","4","male","Theo","Theo","","","popular-names-by-country-dataset","CC0-1.0"
"1","English","direct_country","GB","Scotland","2022","4","female","Millie","Millie","","","popular-names-by-country-dataset","CC0-1.0"
"1","English","direct_country","GB","Scotland","2022","4","male","Harris","Harris","","","popular-names-by-country-dataset","CC0-1.0"
"1","English","direct_country","GB","England","2021","5","female","Ivy","Ivy","","","popular-names-by-country-dataset","CC0-1.0"
"1","English","direct_country","GB","England","2021","5","male","Arthur","Arthur","","","popular-names-by-country-dataset","CC0-1.0"
"1","English","direct_country","GB","Wales","2021","5","female","Ivy","Ivy","","","popular-names-by-country-dataset","CC0-1.0"
"1","English","direct_country","GB","Wales","2021","5","male","Leo","Leo","","","popular-names-by-country-dataset","CC0-1.0"
"1","English","direct_country","GB","Northern Ireland","2022","5","female","Isla","Isla","","","popular-names-by-country-dataset","CC0-1.0"
"1","English","direct_country","GB","Northern Ireland","2022","5","male","Charlie","Charlie","","","popular-names-by-country-dataset","CC0-1.0"
"1","English","direct_country","GB","Scotland","2022","5","female","Emily","Emily","","","popular-names-by-country-dataset","CC0-1.0"
"1","English","direct_country","GB","Scotland","2022","5","male","Luca","Luca","","","popular-names-by-country-dataset","CC0-1.0"
"1","English","direct_country","GB","England","2021","6","female","Florence","Florence","","","popular-names-by-country-dataset","CC0-1.0"
"1","English","direct_country","GB","England","2021","6","male","Leo","Leo","","","popular-names-by-country-dataset","CC0-1.0"
"1","English","direct_country","GB","Wales","2021","6","female","Rosie","Rosie","","","popular-names-by-country-dataset","CC0-1.0"
"1","English","direct_country","GB","Wales","2021","6","male","Charlie","Charlie","","","popular-names-by-country-dataset","CC0-1.0"
"1","English","direct_country","GB","Northern Ireland","2022","6","female","Aoife","Aoife","","","popular-names-by-country-dataset","CC0-1.0"
"1","English","direct_country","GB","Northern Ireland","2022","6","male","Oliver","Oliver","","","popular-names-by-country-dataset","CC0-1.0"
"1","English","direct_country","GB","Scotland","2022","6","female","Amelia","Amelia","","","popular-names-by-country-dataset","CC0-1.0"
"1","English","direct_country","GB","Scotland","2022","6","male","Oliver","Oliver","","","popular-names-by-country-dataset","CC0-1.0"
"1","English","direct_country","GB","England","2021","7","female","Lily","Lily","","","popular-names-by-country-dataset","CC0-1.0"
"1","English","direct_country","GB","England","2021","7","male","Harry","Harry","","","popular-names-by-country-dataset","CC0-1.0"
"1","English","direct_country","GB","Wales","2021","7","female","Ava","Ava","","","popular-names-by-country-dataset","CC0-1.0"
"1","English","direct_country","GB","Wales","2021","7","male","Archie","Archie","","","popular-names-by-country-dataset","CC0-1.0"
"1","English","direct_country","GB","Northern Ireland","2022","7","female","Lily","Lily","","","popular-names-by-country-dataset","CC0-1.0"
"1","English","direct_country","GB","Northern Ireland","2022","7","male","Oisin","Oisin","","","popular-names-by-country-dataset","CC0-1.0"
"1","English","direct_country","GB","Scotland","2022","7","female","Grace","Grace","","","popular-names-by-country-dataset","CC0-1.0"
"1","English","direct_country","GB","Scotland","2022","7","male","Rory","Rory","","","popular-names-by-country-dataset","CC0-1.0"
"1","English","direct_country","GB","England","2021","8","female","Freya","Freya","","","popular-names-by-country-dataset","CC0-1.0"
"1","English","direct_country","GB","England","2021","8","male","Oscar","Oscar","","","popular-names-by-country-dataset","CC0-1.0"
"1","English","direct_country","GB","Wales","2021","8","female","Grace","Grace","","","popular-names-by-country-dataset","CC0-1.0"
"1","English","direct_country","GB","Wales","2021","8","male","George","George","","","popular-names-by-country-dataset","CC0-1.0"
"1","English","direct_country","GB","Northern Ireland","2022","8","female","Annie","Annie","","","popular-names-by-country-dataset","CC0-1.0"
"1","English","direct_country","GB","Northern Ireland","2022","8","male","Harry","Harry","","","popular-names-by-country-dataset","CC0-1.0"
"1","English","direct_country","GB","Scotland","2022","8","female","Sophie","Sophie","","","popular-names-by-country-dataset","CC0-1.0"
"1","English","direct_country","GB","Scotland","2022","8","male","Archie","Archie","","","popular-names-by-country-dataset","CC0-1.0"
"1","English","direct_country","GB","England","2021","9","female","Mia","Mia","","","popular-names-by-country-dataset","CC0-1.0"
"1","English","direct_country","GB","England","2021","9","male","Henry","Henry","","","popular-names-by-country-dataset","CC0-1.0"
"1","English","direct_country","GB","Wales","2021","9","female","Lily","Lily","","","popular-names-by-country-dataset","CC0-1.0"
"1","English","direct_country","GB","Wales","2021","9","male","Jack","Jack","","","popular-names-by-country-dataset","CC0-1.0"
"1","English","direct_country","GB","Northern Ireland","2022","9","female","Evie","Evie","","","popular-names-by-country-dataset","CC0-1.0"
"1","English","direct_country","GB","Northern Ireland","2022","9","male","Cillian","Cillian","","","popular-names-by-country-dataset","CC0-1.0"
"1","English","direct_country","GB","Scotland","2022","9","female","Ava","Ava","","","popular-names-by-country-dataset","CC0-1.0"
"1","English","direct_country","GB","Scotland","2022","9","male","Alfie","Alfie","","","popular-names-by-country-dataset","CC0-1.0"
"1","English","direct_country","GB","England","2021","10","female","Willow","Willow","","","popular-names-by-country-dataset","CC0-1.0"
"1","English","direct_country","GB","England","2021","10","male","Theodore","Theodore","","","popular-names-by-country-dataset","CC0-1.0"
"1","English","direct_country","GB","Wales","2021","10","female","Evie","Evie","","","popular-names-by-country-dataset","CC0-1.0"
"1","English","direct_country","GB","Wales","2021","10","male","Oscar","Oscar","","","popular-names-by-country-dataset","CC0-1.0"
"1","English","direct_country","GB","Northern Ireland","2022","10","female","Freya","Freya","","","popular-names-by-country-dataset","CC0-1.0"
"1","English","direct_country","GB","Northern Ireland","2022","10","male","Thomas","Thomas","","","popular-names-by-country-dataset","CC0-1.0"
"1","English","direct_country","GB","Scotland","2022","10","female","Ella","Ella","","","popular-names-by-country-dataset","CC0-1.0"
"1","English","direct_country","GB","Scotland","2022","10","male","James","James","","","popular-names-by-country-dataset","CC0-1.0"
"1","English","direct_country","GB","Wales","2021","11","female","Mia","Mia","","","popular-names-by-country-dataset","CC0-1.0"
"1","English","direct_country","GB","Northern Ireland","2022","11","female","Amelia","Amelia","","","popular-names-by-country-dataset","CC0-1.0"
"1","English","direct_country","GB","Scotland","2022","11","female","Lily","Lily","","","popular-names-by-country-dataset","CC0-1.0"
"1","English","direct_country","GB","Scotland","2022","11","male","Theo","Theo","","","popular-names-by-country-dataset","CC0-1.0"
"1","English","direct_country","GB","Scotland","2022","12","female","Charlotte","Charlotte","","","popular-names-by-country-dataset","CC0-1.0"
"1","English","direct_country","GB","Scotland","2022","12","male","Finlay","Finlay","","","popular-names-by-country-dataset","CC0-1.0"
"1","English","direct_country","GB","Scotland","2022","13","male","Lewis","Lewis","","","popular-names-by-country-dataset","CC0-1.0"
"2","French","direct_country","FR","","2022","1","female","Jade","Jade","","","popular-names-by-country-dataset","CC0-1.0"
"2","French","direct_country","FR","","2022","1","male","Léo","Léo","","","popular-names-by-country-dataset","CC0-1.0"
"2","French","direct_country","FR","","2022","2","female","Emma","Emma","","","popular-names-by-country-dataset","CC0-1.0"
"2","French","direct_country","FR","","2022","2","male","Gabriel","Gabriel","","","popular-names-by-country-dataset","CC0-1.0"
"2","French","direct_country","FR","","2022","3","female","Louise","Louise","","","popular-names-by-country-dataset","CC0-1.0"
"2","French","direct_country","FR","","2022","3","male","Raphaël","Raphaël","","","popular-names-by-country-dataset","CC0-1.0"
"2","French","direct_country","FR","","2022","4","female","Mia","Mia","","","popular-names-by-country-dataset","CC0-1.0"
"2","French","direct_country","FR","","2022","4","male","Arthur","Arthur","","","popular-names-by-country-dataset","CC0-1.0"
"2","French","direct_country","FR","","2022","5","female","Alice","Alice","","","popular-names-by-country-dataset","CC0-1.0"
"2","French","direct_country","FR","","2022","5","male","Louis","Louis","","","popular-names-by-country-dataset","CC0-1.0"
"2","French","direct_country","FR","","2022","6","female","Lina","Lina","","","popular-names-by-country-dataset","CC0-1.0"
"2","French","direct_country","FR","","2022","6","male","Maël","Maël","","","popular-names-by-country-dataset","CC0-1.0"
"2","French","direct_country","FR","","2022","7","female","Ambre","Ambre","","","popular-names-by-country-dataset","CC0-1.0"
"2","French","direct_country","FR","","2022","7","male","Lucas","Lucas","","","popular-names-by-country-dataset","CC0-1.0"
"2","French","direct_country","FR","","2022","8","female","Rose","Rose","","","popular-names-by-country-dataset","CC0-1.0"
"2","French","direct_country","FR","","2022","8","male","Adam","Adam","","","popular-names-by-country-dataset","CC0-1.0"
"2","French","direct_country","FR","","2022","9","female","Chloé","Chloé","","","popular-names-by-country-dataset","CC0-1.0"
"2","French","direct_country","FR","","2022","9","male","Tiago","Tiago","","","popular-names-by-country-dataset","CC0-1.0"
"2","French","direct_country","FR","","2022","10","female","Anna","Anna","","","popular-names-by-country-dataset","CC0-1.0"
"2","French","direct_country","FR","","2022","10","male","Hugo","Hugo","","","popular-names-by-country-dataset","CC0-1.0"
"3","Italian","direct_country","IT","","2021","1","female","Sofia","Sofia","","","popular-names-by-country-dataset","CC0-1.0"
"3","Italian","direct_country","IT","","2021","1","male","Leonardo","Leonardo","","","popular-names-by-country-dataset","CC0-1.0"
"3","Italian","direct_country","IT","","2021","2","female","Aurora","Aurora","","","popular-names-by-country-dataset","CC0-1.0"
"3","Italian","direct_country","IT","","2021","2","male","Alessandro","Alessandro","","","popular-names-by-country-dataset","CC0-1.0"
"3","Italian","direct_country","IT","","2021","3","female","Giulia","Giulia","","","popular-names-by-country-dataset","CC0-1.0"
"3","Italian","direct_country","IT","","2021","3","male","Tommaso","Tommaso","","","popular-names-by-country-dataset","CC0-1.0"
"3","Italian","direct_country","IT","","2021","4","female","Ginevra","Ginevra","","","popular-names-by-country-dataset","CC0-1.0"
"3","Italian","direct_country","IT","","2021","4","male","Francesco","Francesco","","","popular-names-by-country-dataset","CC0-1.0"
"3","Italian","direct_country","IT","","2021","5","female","Beatrice","Beatrice","","","popular-names-by-country-dataset","CC0-1.0"
"3","Italian","direct_country","IT","","2021","5","male","Lorenzo","Lorenzo","","","popular-names-by-country-dataset","CC0-1.0"
"3","Italian","direct_country","IT","","2021","6","female","Alice","Alice","","","popular-names-by-country-dataset","CC0-1.0"
"3","Italian","direct_country","IT","","2021","6","male","Edoardo","Edoardo","","","popular-names-by-country-dataset","CC0-1.0"
"3","Italian","direct_country","IT","","2021","7","female","Vittoria","Vittoria","","","popular-names-by-country-dataset","CC0-1.0"
"3","Italian","direct_country","IT","","2021","7","male","Mattia","Mattia","","","popular-names-by-country-dataset","CC0-1.0"
"3","Italian","direct_country","IT","","2021","8","female","Emma","Emma","","","popular-names-by-country-dataset","CC0-1.0"
"3","Italian","direct_country","IT","","2021","8","male","Riccardo","Riccardo","","","popular-names-by-country-dataset","CC0-1.0"
"3","Italian","direct_country","IT","","2021","9","female","Ludovica","Ludovica","","","popular-names-by-country-dataset","CC0-1.0"
"3","Italian","direct_country","IT","","2021","9","male","Gabriele","Gabriele","","","popular-names-by-country-dataset","CC0-1.0"
"3","Italian","direct_country","IT","","2021","10","female","Matilde","Matilde","","","popular-names-by-country-dataset","CC0-1.0"
"3","Italian","direct_country","IT","","2021","10","male","Andrea","Andrea","","","popular-names-by-country-dataset","CC0-1.0"
"4","Castillian","direct_country","ES","Basque Country","2021","1","female","Ane","Ane","","","popular-names-by-country-dataset","CC0-1.0"
"4","Castillian","direct_country","ES","Basque Country","2021","1","male","Markel","Markel","","","popular-names-by-country-dataset","CC0-1.0"
"4","Castillian","direct_country","ES","Catalonia","2021","1","female","Júlia","Júlia","","","popular-names-by-country-dataset","CC0-1.0"
"4","Castillian","direct_country","ES","Catalonia","2021","1","male","Marc","Marc","","","popular-names-by-country-dataset","CC0-1.0"
"4","Castillian","direct_country","ES","Excluding Basque Country & Catalonia","2021","1","female","Lucía","Lucía","","","popular-names-by-country-dataset","CC0-1.0"
"4","Castillian","direct_country","ES","Excluding Basque Country & Catalonia","2021","1","male","Martín","Martín","","","popular-names-by-country-dataset","CC0-1.0"
"4","Castillian","direct_country","ES","Basque Country","2021","2","female","Laia","Laia","","","popular-names-by-country-dataset","CC0-1.0"
"4","Castillian","direct_country","ES","Basque Country","2021","2","male","Martín","Martín","","","popular-names-by-country-dataset","CC0-1.0"
"4","Castillian","direct_country","ES","Catalonia","2021","2","female","Martina","Martina","","","popular-names-by-country-dataset","CC0-1.0"
"4","Castillian","direct_country","ES","Catalonia","2021","2","male","Nil","Nil","","","popular-names-by-country-dataset","CC0-1.0"
"4","Castillian","direct_country","ES","Excluding Basque Country & Catalonia","2021","2","female","Martina","Martina","","","popular-names-by-country-dataset","CC0-1.0"
"4","Castillian","direct_country","ES","Excluding Basque Country & Catalonia","2021","2","male","Hugo","Hugo","","","popular-names-by-country-dataset","CC0-1.0"
"4","Castillian","direct_country","ES","Basque Country","2021","3","female","June","June","","","popular-names-by-country-dataset","CC0-1.0"
"4","Castillian","direct_country","ES","Basque Country","2021","3","male","Julen","Julen","","","popular-names-by-country-dataset","CC0-1.0"
"4","Castillian","direct_country","ES","Catalonia","2021","3","female","Mia","Mia","","","popular-names-by-country-dataset","CC0-1.0"
"4","Castillian","direct_country","ES","Catalonia","2021","3","male","Pol","Pol","","","popular-names-by-country-dataset","CC0-1.0"
"4","Castillian","direct_country","ES","Excluding Basque Country & Catalonia","2021","3","female","Sofía","Sofía","","","popular-names-by-country-dataset","CC0-1.0"
"4","Castillian","direct_country","ES","Excluding Basque Country & Catalonia","2021","3","male","Mateo","Mateo","","","popular-names-by-country-dataset","CC0-1.0"
"4","Castillian","direct_country","ES","Basque Country","2021","4","female","Nahia","Nahia","","","popular-names-by-country-dataset","CC0-1.0"
"4","Castillian","direct_country","ES","Basque Country","2021","4","male","Oihan","Oihan","","","popular-names-by-country-dataset","CC0-1.0"
"4","Castillian","direct_country","ES","Catalonia","2021","4","female","Emma","Emma","","","popular-names-by-country-dataset","CC0-1.0"
"4","Castillian","direct_country","ES","Catalonia","2021","4","male","Jan","Jan","","","popular-names-by-country-dataset","CC0-1.0"
"4","Castillian","direct_country","ES","Excluding Basque Country & Catalonia","2021","4","female","María","María","","","popular-names-by-country-dataset","CC0-1.0"
"4","Castillian","direct_country","ES","Excluding Basque Country & Catalonia","2021","4","male","Leo","Leo","","","popular-names-by-country-dataset","CC0-1.0"
"4","Castillian","direct_country","ES","Basque Country","2021","5","female","Maddi","Maddi","","","popular-names-by-country-dataset","CC0-1.0"
"4","Castillian","direct_country","ES","Basque Country","2021","5","male","Jon","Jon","","","popular-names-by-country-dataset","CC0-1.0"
"4","Castillian","direct_country","ES","Catalonia","2021","5","female","Lucía","Lucía","","","popular-names-by-country-dataset","CC0-1.0"
"4","Castillian","direct_country","ES","Catalonia","2021","5","male","Leo","Leo","","","popular-names-by-country-dataset","CC0-1.0"
"4","Castillian","direct_country","ES","Excluding Basque Country & Catalonia","2021","5","female","Valeria","Valeria","","","popular-names-by-country-dataset","CC0-1.0"
"4","Castillian","direct_country","ES","Excluding Basque Country & Catalonia","2021","5","male","Lucas","Lucas","","","popular-names-by-country-dataset","CC0-1.0"
"4","Castillian","direct_country","ES","Basque Country","2021","6","female","Malen","Malen","","","popular-names-by-country-dataset","CC0-1.0"
"4","Castillian","direct_country","ES","Basque Country","2021","6","male","Aiur","Aiur","","","popular-names-by-country-dataset","CC0-1.0"
"4","Castillian","direct_country","ES","Catalonia","2021","6","female","Sofía","Sofía","","","popular-names-by-country-dataset","CC0-1.0"
"4","Castillian","direct_country","ES","Catalonia","2021","6","male","Pau","Pau","","","popular-names-by-country-dataset","CC0-1.0"
"4","Castillian","direct_country","ES","Excluding Basque Country & Catalonia","2021","6","female","Julia","Julia","","","popular-names-by-country-dataset","CC0-1.0"
"4","Castillian","direct_country","ES","Excluding Basque Country & Catalonia","2021","6","male","Manuel","Manuel","","","popular-names-by-country-dataset","CC0-1.0"
"4","Castillian","direct_country","ES","Basque Country","2021","7","female","Nora","Nora","","","popular-names-by-country-dataset","CC0-1.0"
"4","Castillian","direct_country","ES","Basque Country","2021","7","male","Aimar","Aimar","","","popular-names-by-country-dataset","CC0-1.0"
"4","Castillian","direct_country","ES","Catalonia","2021","7","female","Ona","Ona","","","popular-names-by-country-dataset","CC0-1.0"
"4","Castillian","direct_country","ES","Catalonia","2021","7","male","Àlex","Àlex","","","popular-names-by-country-dataset","CC0-1.0"
"4","Castillian","direct_country","ES","Excluding Basque Country & Catalonia","2021","7","female","Paula","Paula","","","popular-names-by-country-dataset","CC0-1.0"
"4","Castillian","direct_country","ES","Excluding Basque Country & Catalonia","2021","7","male","Daniel","Daniel","","","popular-names-by-country-dataset","CC0-1.0"
"4","Castillian","direct_country","ES","Basque Country","2021","8","female","Irati","Irati","","","popular-names-by-country-dataset","CC0-1.0"
"4","Castillian","direct_country","ES","Basque Country","2021","8","male","Ibai","Ibai","","","popular-names-by-country-dataset","CC0-1.0"
"4","Castillian","direct_country","ES","Catalonia","2021","8","female","María","María","","","popular-names-by-country-dataset","CC0-1.0"
"4","Castillian","direct_country","ES","Catalonia","2021","8","male","Marti","Marti","","","popular-names-by-country-dataset","CC0-1.0"
"4","Castillian","direct_country","ES","Excluding Basque Country & Catalonia","2021","8","female","Emma","Emma","","","popular-names-by-country-dataset","CC0-1.0"
"4","Castillian","direct_country","ES","Excluding Basque Country & Catalonia","2021","8","male","Alejandro","Alejandro","","","popular-names-by-country-dataset","CC0-1.0"
"4","Castillian","direct_country","ES","Basque Country","2021","9","female","Izaro","Izaro","","","popular-names-by-country-dataset","CC0-1.0"
"4","Castillian","direct_country","ES","Basque Country","2021","9","male","Luka","Luka","","","popular-names-by-country-dataset","CC0-1.0"
"4","Castillian","direct_country","ES","Catalonia","2021","9","female","Laia","Laia","","","popular-names-by-country-dataset","CC0-1.0"
"4","Castillian","direct_country","ES","Catalonia","2021","9","male","Biel","Biel","","","popular-names-by-country-dataset","CC0-1.0"
"4","Castillian","direct_country","ES","Excluding Basque Country & Catalonia","2021","9","female","Daniela","Daniela","","","popular-names-by-country-dataset","CC0-1.0"
"4","Castillian","direct_country","ES","Excluding Basque Country & Catalonia","2021","9","male","Pablo","Pablo","","","popular-names-by-country-dataset","CC0-1.0"
"4","Castillian","direct_country","ES","Basque Country","2021","10","female","Sara","Sara","","","popular-names-by-country-dataset","CC0-1.0"
"4","Castillian","direct_country","ES","Basque Country","2021","10","male","Danel","Danel","","","popular-names-by-country-dataset","CC0-1.0"
"4","Castillian","direct_country","ES","Catalonia","2021","10","female","Paula","Paula","","","popular-names-by-country-dataset","CC0-1.0"
"4","Castillian","direct_country","ES","Catalonia","2021","10","male","Hugo","Hugo","","","popular-names-by-country-dataset","CC0-1.0"
"4","Castillian","direct_country","ES","Excluding Basque Country & Catalonia","2021","10","female","Carla","Carla","","","popular-names-by-country-dataset","CC0-1.0"
"4","Castillian","direct_country","ES","Excluding Basque Country & Catalonia","2021","10","male","Álvaro","Álvaro","","","popular-names-by-country-dataset","CC0-1.0"
"5","Ruthenian","regional_proxy","BY","","2021","1","female","Alisa","Alisa","","","popular-names-by-country-dataset","CC0-1.0"
"5","Ruthenian","regional_proxy","BY","","2021","1","male","Maksim","Maksim","","","popular-names-by-country-dataset","CC0-1.0"
"5","Ruthenian","regional_proxy","BY","","2021","2","female","Hanna","Hanna","","","popular-names-by-country-dataset","CC0-1.0"
"5","Ruthenian","regional_proxy","BY","","2021","2","male","Mark","Mark","","","popular-names-by-country-dataset","CC0-1.0"
"5","Ruthenian","regional_proxy","BY","","2021","3","female","Maryja","Maryja","","","popular-names-by-country-dataset","CC0-1.0"
"5","Ruthenian","regional_proxy","BY","","2021","3","male","Michail","Michail","","","popular-names-by-country-dataset","CC0-1.0"
"5","Ruthenian","regional_proxy","BY","","2021","4","female","Safija","Safija","","","popular-names-by-country-dataset","CC0-1.0"
"5","Ruthenian","regional_proxy","RU","Kama region","2022","1","female","Yeva","Yeva","Babies born","","popular-names-by-country-dataset","CC0-1.0"
"5","Ruthenian","regional_proxy","RU","Kama region","2022","1","male","Artem","Artem","Babies born","","popular-names-by-country-dataset","CC0-1.0"
"5","Ruthenian","regional_proxy","RU","","2012","1","female","Анастасия","Anastasia","","Official civil registry figures","popular-names-by-country-dataset","CC0-1.0"
"5","Ruthenian","regional_proxy","RU","","2012","1","male","Александр","Alexander","","Official civil registry figures","popular-names-by-country-dataset","CC0-1.0"
"5","Ruthenian","regional_proxy","RU","Moscow","2021","1","female","София","Sofiya","Babies born","Official civil registry figures","popular-names-by-country-dataset","CC0-1.0"
"5","Ruthenian","regional_proxy","RU","Moscow","2021","1","male","Александр","Alexander","Babies born","Official civil registry figures","popular-names-by-country-dataset","CC0-1.0"
"5","Ruthenian","regional_proxy","RU","Kama region","2022","2","female","Sofiya","Sofiya","Babies born","","popular-names-by-country-dataset","CC0-1.0"
"5","Ruthenian","regional_proxy","RU","Kama region","2022","2","male","Mikhail","Mikhail","Babies born","","popular-names-by-country-dataset","CC0-1.0"
"5","Ruthenian","regional_proxy","RU","","2012","2","female","Елена","Yelena","","Official civil registry figures","popular-names-by-country-dataset","CC0-1.0"
"5","Ruthenian","regional_proxy","RU","","2012","2","male","Сергей","Sergei","","Official civil registry figures","popular-names-by-country-dataset","CC0-1.0"
"5","Ruthenian","regional_proxy","RU","Moscow","2021","2","female","Мария","Mariya","Babies born","Official civil registry figures","popular-names-by-country-dataset","CC0-1.0"
"5","Ruthenian","regional_proxy","RU","Moscow","2021","2","male","Михаил","Mikhail","Babies born","Official civil registry figures","popular-names-by-country-dataset","CC0-1.0"
"5","Ruthenian","regional_proxy","RU","Kama region","2022","3","female","Anna","Anna","Babies born","","popular-names-by-country-dataset","CC0-1.0"
"5","Ruthenian","regional_proxy","RU","Kama region","2022","3","male","Aleksandr","Aleksandr","Babies born","","popular-names-by-country-dataset","CC0-1.0"
"5","Ruthenian","regional_proxy","RU","","2012","3","female","Ольга","Olga","","Official civil registry figures","popular-names-by-country-dataset","CC0-1.0"
"5","Ruthenian","regional_proxy","RU","","2012","3","male","Дмитрий","Dmitry","","Official civil registry figures","popular-names-by-country-dataset","CC0-1.0"
"5","Ruthenian","regional_proxy","RU","Moscow","2021","3","female","Анна","Anna","Babies born","Official civil registry figures","popular-names-by-country-dataset","CC0-1.0"
"5","Ruthenian","regional_proxy","RU","Moscow","2021","3","male","Максим","Maxim","Babies born","Official civil registry figures","popular-names-by-country-dataset","CC0-1.0"
"5","Ruthenian","regional_proxy","RU","Kama region","2022","4","female","Viktoriya","Viktoriya","Babies born","","popular-names-by-country-dataset","CC0-1.0"
"5","Ruthenian","regional_proxy","RU","Kama region","2022","4","male","Matvey","Matvey","Babies born","","popular-names-by-country-dataset","CC0-1.0"
"5","Ruthenian","regional_proxy","RU","","2012","4","female","Наталья","Natalia","","Official civil registry figures","popular-names-by-country-dataset","CC0-1.0"
"5","Ruthenian","regional_proxy","RU","","2012","4","male","Андрей","Andrei","","Official civil registry figures","popular-names-by-country-dataset","CC0-1.0"
"5","Ruthenian","regional_proxy","RU","Moscow","2021","4","female","Алиса","Alisa","Babies born","Official civil registry figures","popular-names-by-country-dataset","CC0-1.0"
"5","Ruthenian","regional_proxy","RU","Moscow","2021","4","male","Лев","Lev","Babies born","Official civil registry figures","popular-names-by-country-dataset","CC0-1.0"
"5","Ruthenian","regional_proxy","RU","Kama region","2022","5","female","Mariya","Mariya","Babies born","","popular-names-by-country-dataset","CC0-1.0"
"5","Ruthenian","regional_proxy","RU","Kama region","2022","5","male","Timofey","Timofey","Babies born","","popular-names-by-country-dataset","CC0-1.0"
"5","Ruthenian","regional_proxy","RU","","2012","5","female","Екатерина","Yekaterina","","Official civil registry figures","popular-names-by-country-dataset","CC0-1.0"
"5","Ruthenian","regional_proxy","RU","","2012","5","male","Алексей","Alexey","","Official civil registry figures","popular-names-by-country-dataset","CC0-1.0"
"5","Ruthenian","regional_proxy","RU","Moscow","2021","5","female","Ева","Eva","Babies born","Official civil registry figures","popular-names-by-country-dataset","CC0-1.0"
"5","Ruthenian","regional_proxy","RU","Moscow","2021","5","male","Артём","Artyom","Babies born","Official civil registry figures","popular-names-by-country-dataset","CC0-1.0"
"5","Ruthenian","regional_proxy","RU","Kama region","2022","6","female","Alisa","Alisa","Babies born","","popular-names-by-country-dataset","CC0-1.0"
"5","Ruthenian","regional_proxy","RU","Kama region","2022","6","male","Lev","Lev","Babies born","","popular-names-by-country-dataset","CC0-1.0"
"5","Ruthenian","regional_proxy","RU","","2012","6","female","Анна","Anna","","Official civil registry figures","popular-names-by-country-dataset","CC0-1.0"
"5","Ruthenian","regional_proxy","RU","","2012","6","male","Максим","Maxim","","Official civil registry figures","popular-names-by-country-dataset","CC0-1.0"
"5","Ruthenian","regional_proxy","RU","Moscow","2021","6","female","Виктория","Viktoriya","Babies born","Official civil registry figures","popular-names-by-country-dataset","CC0-1.0"
"5","Ruthenian","regional_proxy","RU","Moscow","2021","6","male","Марк","Mark","Babies born","Official civil registry figures","popular-names-by-country-dataset","CC0-1.0"
"5","Ruthenian","regional_proxy","RU","Kama region","2022","7","female","Varvara","Varvara","Babies born","","popular-names-by-country-dataset","CC0-1.0"
"5","Ruthenian","regional_proxy","RU","Kama region","2022","7","male","Dmitry","Dmitry","Babies born","","popular-names-by-country-dataset","CC0-1.0"
"5","Ruthenian","regional_proxy","RU","","2012","7","female","Татьяна","Tatiana","","Official civil registry figures","popular-names-by-country-dataset","CC0-1.0"
"5","Ruthenian","regional_proxy","RU","","2012","7","male","Евгений","Evgeny","","Official civil registry figures","popular-names-by-country-dataset","CC0-1.0"
"5","Ruthenian","regional_proxy","RU","Moscow","2021","7","female","Полина","Polina","Babies born","Official civil registry figures","popular-names-by-country-dataset","CC0-1.0"
"5","Ruthenian","regional_proxy","RU","Moscow","2021","7","male","Иван","Ivan","Babies born","Official civil registry figures","popular-names-by-country-dataset","CC0-1.0"
"5","Ruthenian","regional_proxy","RU","Kama region","2022","8","female","Polina","Polina","Babies born","","popular-names-by-country-dataset","CC0-1.0"
"5","Ruthenian","regional_proxy","RU","Kama region","2022","8","male","Mark","Mark","Babies born","","popular-names-by-country-dataset","CC0-1.0"
"5","Ruthenian","regional_proxy","RU","","2012","8","female","Мария","Maria","","Official civil registry figures","popular-names-by-country-dataset","CC0-1.0"
"5","Ruthenian","regional_proxy","RU","","2012","8","male","Иван","Ivan","","Official civil registry figures","popular-names-by-country-dataset","CC0-1.0"
"5","Ruthenian","regional_proxy","RU","Moscow","2021","8","female","Александра","Alexandra","Babies born","Official civil registry figures","popular-names-by-country-dataset","CC0-1.0"
"5","Ruthenian","regional_proxy","RU","Moscow","2021","8","male","Дмитрий","Dmitry","Babies born","Official civil registry figures","popular-names-by-country-dataset","CC0-1.0"
"5","Ruthenian","regional_proxy","RU","Kama region","2022","9","female","Vasilisa","Vasilisa","Babies born","","popular-names-by-country-dataset","CC0-1.0"
"5","Ruthenian","regional_proxy","RU","Kama region","2022","9","male","Roman","Roman","Babies born","","popular-names-by-country-dataset","CC0-1.0"
"5","Ruthenian","regional_proxy","RU","","2012","9","female","Ирина","Irina","","Official civil registry figures","popular-names-by-country-dataset","CC0-1.0"
"5","Ruthenian","regional_proxy","RU","","2012","9","male","Михаил","Mikhail","","Official civil registry figures","popular-names-by-country-dataset","CC0-1.0"
"5","Ruthenian","regional_proxy","RU","Moscow","2021","9","female","Елизавета","Elizaveta","Babies born","Official civil registry figures","popular-names-by-country-dataset","CC0-1.0"
"5","Ruthenian","regional_proxy","RU","Moscow","2021","9","male","Матвей","Matvey","Babies born","Official civil registry figures","popular-names-by-country-dataset","CC0-1.0"
"5","Ruthenian","regional_proxy","RU","Kama region","2022","10","female","Anastasiya","Anastasiya","Babies born","","popular-names-by-country-dataset","CC0-1.0"
"5","Ruthenian","regional_proxy","RU","Kama region","2022","10","male","Ivan","Ivan","Babies born","","popular-names-by-country-dataset","CC0-1.0"
"5","Ruthenian","regional_proxy","RU","","2012","10","female","Юлия","Yulia","","Official civil registry figures","popular-names-by-country-dataset","CC0-1.0"
"5","Ruthenian","regional_proxy","RU","","2012","10","male","Артём","Artyom","","Official civil registry figures","popular-names-by-country-dataset","CC0-1.0"
"5","Ruthenian","regional_proxy","RU","Moscow","2021","10","female","Варвара","Varvara","Babies born","Official civil registry figures","popular-names-by-country-dataset","CC0-1.0"
"5","Ruthenian","regional_proxy","RU","Moscow","2021","10","male","Даниил","Daniil","Babies born","Official civil registry figures","popular-names-by-country-dataset","CC0-1.0"
"5","Ruthenian","regional_proxy","UA","","2022","1","female","Anna","Anna","","","popular-names-by-country-dataset","CC0-1.0"
"5","Ruthenian","regional_proxy","UA","","2022","1","male","Artem","Artem","","","popular-names-by-country-dataset","CC0-1.0"
"5","Ruthenian","regional_proxy","UA","","2022","2","female","Anastasiya","Anastasiya","","","popular-names-by-country-dataset","CC0-1.0"
"5","Ruthenian","regional_proxy","UA","","2022","2","male","Dmytro","Dmytro","","","popular-names-by-country-dataset","CC0-1.0"
"5","Ruthenian","regional_proxy","UA","","2022","3","female","Veronika","Veronika","","","popular-names-by-country-dataset","CC0-1.0"
"5","Ruthenian","regional_proxy","UA","","2022","3","male","Ivan","Ivan","","","popular-names-by-country-dataset","CC0-1.0"
"5","Ruthenian","regional_proxy","UA","","2022","4","female","Sofiya","Sofiya","","","popular-names-by-country-dataset","CC0-1.0"
"5","Ruthenian","regional_proxy","UA","","2022","4","male","Maksym","Maksym","","","popular-names-by-country-dataset","CC0-1.0"
"5","Ruthenian","regional_proxy","UA","","2022","5","female","Oleksandra","Oleksandra","","","popular-names-by-country-dataset","CC0-1.0"
"5","Ruthenian","regional_proxy","UA","","2022","5","male","Mykhaylo","Mykhaylo","","","popular-names-by-country-dataset","CC0-1.0"
"5","Ruthenian","regional_proxy","UA","","2022","6","female","Mariya","Mariya","","","popular-names-by-country-dataset","CC0-1.0"
"5","Ruthenian","regional_proxy","UA","","2022","6","male","Danylo","Danylo","","","popular-names-by-country-dataset","CC0-1.0"
"5","Ruthenian","regional_proxy","UA","","2022","7","female","Viktoriya","Viktoriya","","","popular-names-by-country-dataset","CC0-1.0"
"5","Ruthenian","regional_proxy","UA","","2022","7","male","Vladyslav","Vladyslav","","","popular-names-by-country-dataset","CC0-1.0"
"5","Ruthenian","regional_proxy","UA","","2022","8","female","Milana","Milana","","","popular-names-by-country-dataset","CC0-1.0"
"5","Ruthenian","regional_proxy","UA","","2022","8","male","Oleksandr","Oleksandr","","","popular-names-by-country-dataset","CC0-1.0"
"5","Ruthenian","regional_proxy","UA","","2022","9","female","Yeva","Yeva","","","popular-names-by-country-dataset","CC0-1.0"
"5","Ruthenian","regional_proxy","UA","","2022","9","male","Andriy","Andriy","","","popular-names-by-country-dataset","CC0-1.0"
"5","Ruthenian","regional_proxy","UA","","2022","10","female","Solomiya","Solomiya","","","popular-names-by-country-dataset","CC0-1.0"
"6","Nordic","regional_proxy","DK","","2022","1","female","Ella","Ella","","","popular-names-by-country-dataset","CC0-1.0"
"6","Nordic","regional_proxy","DK","","2022","1","male","William","William","","","popular-names-by-country-dataset","CC0-1.0"
"6","Nordic","regional_proxy","DK","","2022","2","female","Alma","Alma","","","popular-names-by-country-dataset","CC0-1.0"
"6","Nordic","regional_proxy","DK","","2022","2","male","Oscar","Oscar","","","popular-names-by-country-dataset","CC0-1.0"
"6","Nordic","regional_proxy","DK","","2022","3","female","Nora","Nora","","","popular-names-by-country-dataset","CC0-1.0"
"6","Nordic","regional_proxy","DK","","2022","3","male","Carl","Carl","","","popular-names-by-country-dataset","CC0-1.0"
"6","Nordic","regional_proxy","DK","","2022","4","female","Ida","Ida","","","popular-names-by-country-dataset","CC0-1.0"
"6","Nordic","regional_proxy","DK","","2022","4","male","Malthe","Malthe","","","popular-names-by-country-dataset","CC0-1.0"
"6","Nordic","regional_proxy","DK","","2022","5","female","Freja","Freja","","","popular-names-by-country-dataset","CC0-1.0"
"6","Nordic","regional_proxy","DK","","2022","5","male","Emil","Emil","","","popular-names-by-country-dataset","CC0-1.0"
"6","Nordic","regional_proxy","DK","","2022","6","female","Sofia","Sofia","","","popular-names-by-country-dataset","CC0-1.0"
"6","Nordic","regional_proxy","DK","","2022","6","male","Valdemar","Valdemar","","","popular-names-by-country-dataset","CC0-1.0"
"6","Nordic","regional_proxy","DK","","2022","7","female","Luna","Luna","","","popular-names-by-country-dataset","CC0-1.0"
"6","Nordic","regional_proxy","DK","","2022","7","male","Noah","Noah","","","popular-names-by-country-dataset","CC0-1.0"
"6","Nordic","regional_proxy","DK","","2022","8","female","Olivia","Olivia","","","popular-names-by-country-dataset","CC0-1.0"
"6","Nordic","regional_proxy","DK","","2022","8","male","Aksel","Aksel","","","popular-names-by-country-dataset","CC0-1.0"
"6","Nordic","regional_proxy","DK","","2022","9","female","Agnes","Agnes","","","popular-names-by-country-dataset","CC0-1.0"
"6","Nordic","regional_proxy","DK","","2022","9","male","August","August","","","popular-names-by-country-dataset","CC0-1.0"
"6","Nordic","regional_proxy","DK","","2022","10","female","Asta","Asta","","","popular-names-by-country-dataset","CC0-1.0"
"6","Nordic","regional_proxy","DK","","2022","10","male","Theo","Theo","","","popular-names-by-country-dataset","CC0-1.0"
"6","Nordic","regional_proxy","DK","","2022","11","female","Clara","Clara","","","popular-names-by-country-dataset","CC0-1.0"
"6","Nordic","regional_proxy","DK","","2022","12","female","Emma","Emma","","","popular-names-by-country-dataset","CC0-1.0"
"6","Nordic","regional_proxy","DK","","2022","13","female","Frida","Frida","","","popular-names-by-country-dataset","CC0-1.0"
"6","Nordic","regional_proxy","DK","","2022","14","female","Alberte","Alberte","","","popular-names-by-country-dataset","CC0-1.0"
"6","Nordic","regional_proxy","FO","Faroe Islands","2021","1","female","Lea","Lea","","","popular-names-by-country-dataset","CC0-1.0"
"6","Nordic","regional_proxy","FO","Faroe Islands","2021","1","male","Jónas","Jónas","","","popular-names-by-country-dataset","CC0-1.0"
"6","Nordic","regional_proxy","FO","Faroe Islands","2021","2","female","Lív","Lív","","","popular-names-by-country-dataset","CC0-1.0"
"6","Nordic","regional_proxy","FO","Faroe Islands","2021","2","male","Nóa","Nóa","","","popular-names-by-country-dataset","CC0-1.0"
"6","Nordic","regional_proxy","FO","Faroe Islands","2021","3","female","Emma","Emma","","","popular-names-by-country-dataset","CC0-1.0"
"6","Nordic","regional_proxy","FO","Faroe Islands","2021","3","male","Andrias","Andrias","","","popular-names-by-country-dataset","CC0-1.0"
"6","Nordic","regional_proxy","FO","Faroe Islands","2021","4","female","Julia","Julia","","","popular-names-by-country-dataset","CC0-1.0"
"6","Nordic","regional_proxy","FO","Faroe Islands","2021","4","male","Jógvan","Jógvan","","","popular-names-by-country-dataset","CC0-1.0"
"6","Nordic","regional_proxy","FO","Faroe Islands","2021","5","female","Ria","Ria","","","popular-names-by-country-dataset","CC0-1.0"
"6","Nordic","regional_proxy","FO","Faroe Islands","2021","5","male","Markus","Markus","","","popular-names-by-country-dataset","CC0-1.0"
"6","Nordic","regional_proxy","FO","Faroe Islands","2021","6","female","Sólja","Sólja","","","popular-names-by-country-dataset","CC0-1.0"
"6","Nordic","regional_proxy","FO","Faroe Islands","2021","6","male","Mattias","Mattias","","","popular-names-by-country-dataset","CC0-1.0"
"6","Nordic","regional_proxy","FO","Faroe Islands","2021","7","female","Hjørdis","Hjørdis","","","popular-names-by-country-dataset","CC0-1.0"
"6","Nordic","regional_proxy","FO","Faroe Islands","2021","7","male","Adrian","Adrian","","","popular-names-by-country-dataset","CC0-1.0"
"6","Nordic","regional_proxy","FO","Faroe Islands","2021","8","female","Isabella","Isabella","","","popular-names-by-country-dataset","CC0-1.0"
"6","Nordic","regional_proxy","FO","Faroe Islands","2021","8","male","Gilli","Gilli","","","popular-names-by-country-dataset","CC0-1.0"
"6","Nordic","regional_proxy","FO","Faroe Islands","2021","9","female","Nora","Nora","","","popular-names-by-country-dataset","CC0-1.0"
"6","Nordic","regional_proxy","FO","Faroe Islands","2021","9","male","Jákup","Jákup","","","popular-names-by-country-dataset","CC0-1.0"
"6","Nordic","regional_proxy","FO","Faroe Islands","2021","10","female","Ronja","Ronja","","","popular-names-by-country-dataset","CC0-1.0"
"6","Nordic","regional_proxy","FO","Faroe Islands","2021","10","male","Tróndur","Tróndur","","","popular-names-by-country-dataset","CC0-1.0"
"6","Nordic","regional_proxy","FO","Faroe Islands","2021","11","female","Sofía","Sofía","","","popular-names-by-country-dataset","CC0-1.0"
"6","Nordic","regional_proxy","FO","Faroe Islands","2021","12","female","Vár","Vár","","","popular-names-by-country-dataset","CC0-1.0"
"6","Nordic","regional_proxy","IS","","2021","1","female","Embla","Embla","Babies born","","popular-names-by-country-dataset","CC0-1.0"
"6","Nordic","regional_proxy","IS","","2021","1","male","Aron","Aron","Babies born","","popular-names-by-country-dataset","CC0-1.0"
"6","Nordic","regional_proxy","IS","","2021","2","female","Emilía","Emilía","Babies born","","popular-names-by-country-dataset","CC0-1.0"
"6","Nordic","regional_proxy","IS","","2021","2","male","Jökull","Jökull","Babies born","","popular-names-by-country-dataset","CC0-1.0"
"6","Nordic","regional_proxy","IS","","2021","3","female","Sara","Sara","Babies born","","popular-names-by-country-dataset","CC0-1.0"
"6","Nordic","regional_proxy","IS","","2021","3","male","Alexander","Alexander","Babies born","","popular-names-by-country-dataset","CC0-1.0"
"6","Nordic","regional_proxy","IS","","2021","4","female","Sóley","Sóley","Babies born","","popular-names-by-country-dataset","CC0-1.0"
"6","Nordic","regional_proxy","IS","","2021","4","male","Kári","Kári","Babies born","","popular-names-by-country-dataset","CC0-1.0"
"6","Nordic","regional_proxy","IS","","2021","5","female","Aþena","Aþena","Babies born","","popular-names-by-country-dataset","CC0-1.0"
"6","Nordic","regional_proxy","IS","","2021","5","male","Emil","Emil","Babies born","","popular-names-by-country-dataset","CC0-1.0"
"6","Nordic","regional_proxy","IS","","2021","6","female","Matthildur","Matthildur","Babies born","","popular-names-by-country-dataset","CC0-1.0"
"6","Nordic","regional_proxy","IS","","2021","6","male","Jón","Jón","Babies born","","popular-names-by-country-dataset","CC0-1.0"
"6","Nordic","regional_proxy","IS","","2021","7","female","Katla","Katla","Babies born","","popular-names-by-country-dataset","CC0-1.0"
"6","Nordic","regional_proxy","IS","","2021","7","male","Óliver","Óliver","Babies born","","popular-names-by-country-dataset","CC0-1.0"
"6","Nordic","regional_proxy","IS","","2021","8","female","Guðrún","Guðrún","Babies born","","popular-names-by-country-dataset","CC0-1.0"
"6","Nordic","regional_proxy","IS","","2021","8","male","Matthías","Matthías","Babies born","","popular-names-by-country-dataset","CC0-1.0"
"6","Nordic","regional_proxy","IS","","2021","9","female","Eva","Eva","Babies born","","popular-names-by-country-dataset","CC0-1.0"
"6","Nordic","regional_proxy","IS","","2021","9","male","Mikael","Mikael","Babies born","","popular-names-by-country-dataset","CC0-1.0"
"6","Nordic","regional_proxy","IS","","2021","10","female","Saga","Saga","Babies born","","popular-names-by-country-dataset","CC0-1.0"
"6","Nordic","regional_proxy","IS","","2021","10","male","Atlas","Atlas","Babies born","","popular-names-by-country-dataset","CC0-1.0"
"6","Nordic","regional_proxy","IS","","2021","11","female","Viktoría","Viktoría","Babies born","","popular-names-by-country-dataset","CC0-1.0"
"6","Nordic","regional_proxy","IS","","2021","11","male","Elmar","Elmar","Babies born","","popular-names-by-country-dataset","CC0-1.0"
"6","Nordic","regional_proxy","NO","","2022","1","female","Nora","Nora","","","popular-names-by-country-dataset","CC0-1.0"
"6","Nordic","regional_proxy","NO","","2022","1","male","Jakob","Jakob","","","popular-names-by-country-dataset","CC0-1.0"
"6","Nordic","regional_proxy","NO","","2022","2","female","Emma","Emma","","","popular-names-by-country-dataset","CC0-1.0"
"6","Nordic","regional_proxy","NO","","2022","2","male","Noah","Noah","","","popular-names-by-country-dataset","CC0-1.0"
"6","Nordic","regional_proxy","NO","","2022","3","female","Olivia","Olivia","","","popular-names-by-country-dataset","CC0-1.0"
"6","Nordic","regional_proxy","NO","","2022","3","male","Emil","Emil","","","popular-names-by-country-dataset","CC0-1.0"
"6","Nordic","regional_proxy","NO","","2022","4","female","Ella","Ella","","","popular-names-by-country-dataset","CC0-1.0"
"6","Nordic","regional_proxy","NO","","2022","4","male","Lucas","Lucas","","","popular-names-by-country-dataset","CC0-1.0"
"6","Nordic","regional_proxy","NO","","2022","5","female","Sofie","Sofie","","","popular-names-by-country-dataset","CC0-1.0"
"6","Nordic","regional_proxy","NO","","2022","5","male","Oliver","Oliver","","","popular-names-by-country-dataset","CC0-1.0"
"6","Nordic","regional_proxy","NO","","2022","6","female","Leah","Leah","","","popular-names-by-country-dataset","CC0-1.0"
"6","Nordic","regional_proxy","NO","","2022","6","male","Isak","Isak","","","popular-names-by-country-dataset","CC0-1.0"
"6","Nordic","regional_proxy","NO","","2022","7","female","Frida","Frida","","","popular-names-by-country-dataset","CC0-1.0"
"6","Nordic","regional_proxy","NO","","2022","7","male","William","William","","","popular-names-by-country-dataset","CC0-1.0"
"6","Nordic","regional_proxy","NO","","2022","8","female","Iben","Iben","","","popular-names-by-country-dataset","CC0-1.0"
"6","Nordic","regional_proxy","NO","","2022","8","male","Filip","Filip","","","popular-names-by-country-dataset","CC0-1.0"
"6","Nordic","regional_proxy","NO","","2022","9","female","Sofia","Sofia","","","popular-names-by-country-dataset","CC0-1.0"
"6","Nordic","regional_proxy","NO","","2022","9","male","Aksel","Aksel","","","popular-names-by-country-dataset","CC0-1.0"
"6","Nordic","regional_proxy","NO","","2022","10","female","Sara","Sara","","","popular-names-by-country-dataset","CC0-1.0"
"6","Nordic","regional_proxy","NO","","2022","10","male","Theodor","Theodor","","","popular-names-by-country-dataset","CC0-1.0"
"7","Greek","direct_country","CY","","2011","1","female","Μαρία","Maria","","Census","popular-names-by-country-dataset","CC0-1.0"
"7","Greek","direct_country","CY","","2011","1","male","Ανδρέας","Andreas","","Census","popular-names-by-country-dataset","CC0-1.0"
"7","Greek","direct_country","CY","","2011","2","female","Ελένη","Eleni","","Census","popular-names-by-country-dataset","CC0-1.0"
"7","Greek","direct_country","CY","","2011","2","male","Γεώργιος","Georgios","","Census","popular-names-by-country-dataset","CC0-1.0"
"7","Greek","direct_country","CY","","2011","3","female","Ανδρούλα","Androula","","Census","popular-names-by-country-dataset","CC0-1.0"
"7","Greek","direct_country","CY","","2011","3","male","Κωνσταντίνος","Konstantinos","","Census","popular-names-by-country-dataset","CC0-1.0"
"7","Greek","direct_country","CY","","2011","4","female","Γεωργία","Georgia","","Census","popular-names-by-country-dataset","CC0-1.0"
"7","Greek","direct_country","CY","","2011","4","male","Χρήστος","Christos","","Census","popular-names-by-country-dataset","CC0-1.0"
"7","Greek","direct_country","CY","","2011","5","female","Παναγιώτα","Panagiota","","Census","popular-names-by-country-dataset","CC0-1.0"
"7","Greek","direct_country","CY","","2011","5","male","Νικόλαος","Nikolaos","","Census","popular-names-by-country-dataset","CC0-1.0"
"7","Greek","direct_country","CY","","2011","6","female","Άννα","Anna","","Census","popular-names-by-country-dataset","CC0-1.0"
"7","Greek","direct_country","CY","","2011","6","male","Μιχάλης","Michalis","","Census","popular-names-by-country-dataset","CC0-1.0"
"7","Greek","direct_country","CY","","2011","7","female","Χριστίνα","Christina","","Census","popular-names-by-country-dataset","CC0-1.0"
"7","Greek","direct_country","CY","","2011","7","male","Παναγιώτης","Panagiotis","","Census","popular-names-by-country-dataset","CC0-1.0"
"7","Greek","direct_country","CY","","2011","8","female","Κατερίνα","Katerina","","Census","popular-names-by-country-dataset","CC0-1.0"
"7","Greek","direct_country","CY","","2011","8","male","Ιωάννης","Ioannis","","Census","popular-names-by-country-dataset","CC0-1.0"
"7","Greek","direct_country","CY","","2011","9","female","Ιωάννα","Ioanna","","Census","popular-names-by-country-dataset","CC0-1.0"
"7","Greek","direct_country","CY","","2011","9","male","Μάριος","Marios","","Census","popular-names-by-country-dataset","CC0-1.0"
"7","Greek","direct_country","CY","","2011","10","female","Κυριακή","Kyriaki","","Census","popular-names-by-country-dataset","CC0-1.0"
"7","Greek","direct_country","CY","","2011","10","male","Δημήτριος","Dimitrios","","Census","popular-names-by-country-dataset","CC0-1.0"
"7","Greek","direct_country","GR","","2010","1","female","Μαρία","Maria","","","popular-names-by-country-dataset","CC0-1.0"
"7","Greek","direct_country","GR","","2010","1","male","Γεώργιος","Georgios","","","popular-names-by-country-dataset","CC0-1.0"
"7","Greek","direct_country","GR","","2010","2","female","Ελένη","Eleni","","","popular-names-by-country-dataset","CC0-1.0"
"7","Greek","direct_country","GR","","2010","2","male","Ιωάννης","Ioannis","","","popular-names-by-country-dataset","CC0-1.0"
"7","Greek","direct_country","GR","","2010","3","female","Αικατερίνη","Aikaterini","","","popular-names-by-country-dataset","CC0-1.0"
"7","Greek","direct_country","GR","","2010","3","male","Κωνσταντίνος","Konstantinos","","","popular-names-by-country-dataset","CC0-1.0"
"7","Greek","direct_country","GR","","2010","4","female","Βασιλική","Vasiliki","","","popular-names-by-country-dataset","CC0-1.0"
"7","Greek","direct_country","GR","","2010","4","male","Δημήτριος","Dimitrios","","","popular-names-by-country-dataset","CC0-1.0"
"7","Greek","direct_country","GR","","2010","5","female","Σοφία","Sophia","","","popular-names-by-country-dataset","CC0-1.0"
"7","Greek","direct_country","GR","","2010","5","male","Νικόλαος","Nikolaos","","","popular-names-by-country-dataset","CC0-1.0"
"7","Greek","direct_country","GR","","2010","6","female","Αγγελική","Angeliki","","","popular-names-by-country-dataset","CC0-1.0"
"7","Greek","direct_country","GR","","2010","6","male","Παναγιώτης","Panagiotis","","","popular-names-by-country-dataset","CC0-1.0"
"7","Greek","direct_country","GR","","2010","7","female","Giorgia","Georgia","","","popular-names-by-country-dataset","CC0-1.0"
"7","Greek","direct_country","GR","","2010","7","male","Βασίλειος","Vasileios","","","popular-names-by-country-dataset","CC0-1.0"
"7","Greek","direct_country","GR","","2010","8","female","Γεωργία","Gogo","","","popular-names-by-country-dataset","CC0-1.0"
"7","Greek","direct_country","GR","","2010","8","male","Χρήστος","Christos","","","popular-names-by-country-dataset","CC0-1.0"
"7","Greek","direct_country","GR","","2010","9","female","Δήμητρα","Dimitra","","","popular-names-by-country-dataset","CC0-1.0"
"7","Greek","direct_country","GR","","2010","9","male","Αθανάσιος","Athanasios","","","popular-names-by-country-dataset","CC0-1.0"
"7","Greek","direct_country","GR","","2010","10","female","Κωνσταντίνα","Konstantina","","","popular-names-by-country-dataset","CC0-1.0"
"7","Greek","direct_country","GR","","2010","10","male","Μιχαήλ","Michail","","","popular-names-by-country-dataset","CC0-1.0"
"7","Greek","direct_country","GR","","2010","11","female","Παρασκευή","Paraskevi","","","popular-names-by-country-dataset","CC0-1.0"
"8","Roman","modern_language_proxy","IT","","2021","1","female","Sofia","Sofia","","","popular-names-by-country-dataset","CC0-1.0"
"8","Roman","modern_language_proxy","IT","","2021","1","male","Leonardo","Leonardo","","","popular-names-by-country-dataset","CC0-1.0"
"8","Roman","modern_language_proxy","IT","","2021","2","female","Aurora","Aurora","","","popular-names-by-country-dataset","CC0-1.0"
"8","Roman","modern_language_proxy","IT","","2021","2","male","Alessandro","Alessandro","","","popular-names-by-country-dataset","CC0-1.0"
"8","Roman","modern_language_proxy","IT","","2021","3","female","Giulia","Giulia","","","popular-names-by-country-dataset","CC0-1.0"
"8","Roman","modern_language_proxy","IT","","2021","3","male","Tommaso","Tommaso","","","popular-names-by-country-dataset","CC0-1.0"
"8","Roman","modern_language_proxy","IT","","2021","4","female","Ginevra","Ginevra","","","popular-names-by-country-dataset","CC0-1.0"
"8","Roman","modern_language_proxy","IT","","2021","4","male","Francesco","Francesco","","","popular-names-by-country-dataset","CC0-1.0"
"8","Roman","modern_language_proxy","IT","","2021","5","female","Beatrice","Beatrice","","","popular-names-by-country-dataset","CC0-1.0"
"8","Roman","modern_language_proxy","IT","","2021","5","male","Lorenzo","Lorenzo","","","popular-names-by-country-dataset","CC0-1.0"
"8","Roman","modern_language_proxy","IT","","2021","6","female","Alice","Alice","","","popular-names-by-country-dataset","CC0-1.0"
"8","Roman","modern_language_proxy","IT","","2021","6","male","Edoardo","Edoardo","","","popular-names-by-country-dataset","CC0-1.0"
"8","Roman","modern_language_proxy","IT","","2021","7","female","Vittoria","Vittoria","","","popular-names-by-country-dataset","CC0-1.0"
"8","Roman","modern_language_proxy","IT","","2021","7","male","Mattia","Mattia","","","popular-names-by-country-dataset","CC0-1.0"
"8","Roman","modern_language_proxy","IT","","2021","8","female","Emma","Emma","","","popular-names-by-country-dataset","CC0-1.0"
"8","Roman","modern_language_proxy","IT","","2021","8","male","Riccardo","Riccardo","","","popular-names-by-country-dataset","CC0-1.0"
"8","Roman","modern_language_proxy","IT","","2021","9","female","Ludovica","Ludovica","","","popular-names-by-country-dataset","CC0-1.0"
"8","Roman","modern_language_proxy","IT","","2021","9","male","Gabriele","Gabriele","","","popular-names-by-country-dataset","CC0-1.0"
"8","Roman","modern_language_proxy","IT","","2021","10","female","Matilde","Matilde","","","popular-names-by-country-dataset","CC0-1.0"
"8","Roman","modern_language_proxy","IT","","2021","10","male","Andrea","Andrea","","","popular-names-by-country-dataset","CC0-1.0"
"9","Finnic","regional_proxy","EE","","2022","1","female","Sofia","Sofia","","","popular-names-by-country-dataset","CC0-1.0"
"9","Finnic","regional_proxy","EE","","2022","1","male","Oskar","Oskar","","","popular-names-by-country-dataset","CC0-1.0"
"9","Finnic","regional_proxy","EE","","2022","2","female","Mia","Mia","","","popular-names-by-country-dataset","CC0-1.0"
"9","Finnic","regional_proxy","EE","","2022","2","male","Sebastian","Sebastian","","","popular-names-by-country-dataset","CC0-1.0"
"9","Finnic","regional_proxy","EE","","2022","3","female","Eva","Eva","","","popular-names-by-country-dataset","CC0-1.0"
"9","Finnic","regional_proxy","EE","","2022","3","male","Mark","Mark","","","popular-names-by-country-dataset","CC0-1.0"
"9","Finnic","regional_proxy","EE","","2022","4","female","Lenna","Lenna","","","popular-names-by-country-dataset","CC0-1.0"
"9","Finnic","regional_proxy","EE","","2022","4","male","Hugo","Hugo","","","popular-names-by-country-dataset","CC0-1.0"
"9","Finnic","regional_proxy","EE","","2022","5","female","Marta","Marta","","","popular-names-by-country-dataset","CC0-1.0"
"9","Finnic","regional_proxy","EE","","2022","5","male","Robin","Robin","","","popular-names-by-country-dataset","CC0-1.0"
"9","Finnic","regional_proxy","EE","","2022","6","female","Amelia","Amelia","","","popular-names-by-country-dataset","CC0-1.0"
"9","Finnic","regional_proxy","EE","","2022","6","male","Martin","Martin","","","popular-names-by-country-dataset","CC0-1.0"
"9","Finnic","regional_proxy","EE","","2022","7","female","Elli","Elli","","","popular-names-by-country-dataset","CC0-1.0"
"9","Finnic","regional_proxy","EE","","2022","7","male","David","David","","","popular-names-by-country-dataset","CC0-1.0"
"9","Finnic","regional_proxy","EE","","2022","8","female","Maria","Maria","","","popular-names-by-country-dataset","CC0-1.0"
"9","Finnic","regional_proxy","EE","","2022","8","male","Lukas","Lukas","","","popular-names-by-country-dataset","CC0-1.0"
"9","Finnic","regional_proxy","EE","","2022","9","female","Sandra","Sandra","","","popular-names-by-country-dataset","CC0-1.0"
"9","Finnic","regional_proxy","EE","","2022","9","male","Aron","Aron","","","popular-names-by-country-dataset","CC0-1.0"
"9","Finnic","regional_proxy","EE","","2022","10","female","Alisa","Alisa","","","popular-names-by-country-dataset","CC0-1.0"
"9","Finnic","regional_proxy","EE","","2022","10","male","Rasmus","Rasmus","","","popular-names-by-country-dataset","CC0-1.0"
"9","Finnic","regional_proxy","FI","","2022","1","female","Olivia","Olivia","Babies born among Finnish speakers","","popular-names-by-country-dataset","CC0-1.0"
"9","Finnic","regional_proxy","FI","","2022","1","male","Leo","Leo","Babies born among Finnish speakers","","popular-names-by-country-dataset","CC0-1.0"
"9","Finnic","regional_proxy","FI","","2022","2","female","Aino","Aino","Babies born among Finnish speakers","","popular-names-by-country-dataset","CC0-1.0"
"9","Finnic","regional_proxy","FI","","2022","2","male","Väinö","Väinö","Babies born among Finnish speakers","","popular-names-by-country-dataset","CC0-1.0"
"9","Finnic","regional_proxy","FI","","2022","3","female","Aada","Aada","Babies born among Finnish speakers","","popular-names-by-country-dataset","CC0-1.0"
"9","Finnic","regional_proxy","FI","","2022","3","male","Eino","Eino","Babies born among Finnish speakers","","popular-names-by-country-dataset","CC0-1.0"
"9","Finnic","regional_proxy","FI","","2022","4","female","Lilja","Lilja","Babies born among Finnish speakers","","popular-names-by-country-dataset","CC0-1.0"
"9","Finnic","regional_proxy","FI","","2022","4","male","Oliver","Oliver","Babies born among Finnish speakers","","popular-names-by-country-dataset","CC0-1.0"
"9","Finnic","regional_proxy","FI","","2022","5","female","Eevi","Eevi","Babies born among Finnish speakers","","popular-names-by-country-dataset","CC0-1.0"
"9","Finnic","regional_proxy","FI","","2022","5","male","Elias","Elias","Babies born among Finnish speakers","","popular-names-by-country-dataset","CC0-1.0"
"9","Finnic","regional_proxy","FI","","2022","6","female","Isla","Isla","Babies born among Finnish speakers","","popular-names-by-country-dataset","CC0-1.0"
"9","Finnic","regional_proxy","FI","","2022","6","male","Onni","Onni","Babies born among Finnish speakers","","popular-names-by-country-dataset","CC0-1.0"
"9","Finnic","regional_proxy","FI","","2022","7","female","Helmi","Helmi","Babies born among Finnish speakers","","popular-names-by-country-dataset","CC0-1.0"
"9","Finnic","regional_proxy","FI","","2022","7","male","Emil","Emil","Babies born among Finnish speakers","","popular-names-by-country-dataset","CC0-1.0"
"9","Finnic","regional_proxy","FI","","2022","8","female","Venla","Venla","Babies born among Finnish speakers","","popular-names-by-country-dataset","CC0-1.0"
"9","Finnic","regional_proxy","FI","","2022","8","male","Eeli","Eeli","Babies born among Finnish speakers","","popular-names-by-country-dataset","CC0-1.0"
"9","Finnic","regional_proxy","FI","","2022","9","female","Sofia","Sofia","Babies born among Finnish speakers","","popular-names-by-country-dataset","CC0-1.0"
"9","Finnic","regional_proxy","FI","","2022","9","male","Toivo","Toivo","Babies born among Finnish speakers","","popular-names-by-country-dataset","CC0-1.0"
"9","Finnic","regional_proxy","FI","","2022","10","female","Ellen","Ellen","Babies born among Finnish speakers","","popular-names-by-country-dataset","CC0-1.0"
"9","Finnic","regional_proxy","FI","","2022","10","male","Leevi","Leevi","Babies born among Finnish speakers","","popular-names-by-country-dataset","CC0-1.0"
"10","Korean","direct_country","KR","","2019","1","female","지안","Ji-an","","","popular-names-by-country-dataset","CC0-1.0"
"10","Korean","direct_country","KR","","2019","1","male","서준","Seo-jun","","","popular-names-by-country-dataset","CC0-1.0"
"10","Korean","direct_country","KR","","2019","2","female","하윤","Ha-yoon","","","popular-names-by-country-dataset","CC0-1.0"
"10","Korean","direct_country","KR","","2019","2","male","하준","Ha-joon","","","popular-names-by-country-dataset","CC0-1.0"
"10","Korean","direct_country","KR","","2019","3","female","서아","Seo-ah","","","popular-names-by-country-dataset","CC0-1.0"
"10","Korean","direct_country","KR","","2019","3","male","도윤","Do-yun","","","popular-names-by-country-dataset","CC0-1.0"
"10","Korean","direct_country","KR","","2019","4","female","하은","Ha-eun","","","popular-names-by-country-dataset","CC0-1.0"
"10","Korean","direct_country","KR","","2019","4","male","은우","Eun-woo","","","popular-names-by-country-dataset","CC0-1.0"
"10","Korean","direct_country","KR","","2019","5","female","서윤","Seo-yun","","","popular-names-by-country-dataset","CC0-1.0"
"10","Korean","direct_country","KR","","2019","5","male","시우","Si-woo","","","popular-names-by-country-dataset","CC0-1.0"
"10","Korean","direct_country","KR","","2019","6","female","하린","Ha-rin","","","popular-names-by-country-dataset","CC0-1.0"
"10","Korean","direct_country","KR","","2019","6","male","지호","Ji-ho","","","popular-names-by-country-dataset","CC0-1.0"
"10","Korean","direct_country","KR","","2019","7","female","지유","Ji-yoo","","","popular-names-by-country-dataset","CC0-1.0"
"10","Korean","direct_country","KR","","2019","7","male","예준","Ye-jun","","","popular-names-by-country-dataset","CC0-1.0"
"10","Korean","direct_country","KR","","2019","8","female","지우","Ji-woo","","","popular-names-by-country-dataset","CC0-1.0"
"10","Korean","direct_country","KR","","2019","8","male","유준","Yu-jun","","","popular-names-by-country-dataset","CC0-1.0"
"10","Korean","direct_country","KR","","2019","9","female","수아","Soo-ah","","","popular-names-by-country-dataset","CC0-1.0"
"10","Korean","direct_country","KR","","2019","9","male","주원","Ju-won","","","popular-names-by-country-dataset","CC0-1.0"
"10","Korean","direct_country","KR","","2019","10","female","지아","Ji-a","","","popular-names-by-country-dataset","CC0-1.0"
"10","Korean","direct_country","KR","","2019","10","male","민준","Min-jun","","","popular-names-by-country-dataset","CC0-1.0"
"11","Chinese","regional_proxy","CN","","2022","1","female","若汐","Ruòxī","","","popular-names-by-country-dataset","CC0-1.0"
"11","Chinese","regional_proxy","CN","","2022","1","male","沐宸","Mùchén","","","popular-names-by-country-dataset","CC0-1.0"
"11","Chinese","regional_proxy","CN","","2022","2","female","一诺","Yīnuò","","","popular-names-by-country-dataset","CC0-1.0"
"11","Chinese","regional_proxy","CN","","2022","2","male","浩宇","Hàoyǔ","","","popular-names-by-country-dataset","CC0-1.0"
"11","Chinese","regional_proxy","CN","","2022","3","female","艺涵","Yìhán","","","popular-names-by-country-dataset","CC0-1.0"
"11","Chinese","regional_proxy","CN","","2022","3","male","沐辰","Mùchén","","","popular-names-by-country-dataset","CC0-1.0"
"11","Chinese","regional_proxy","CN","","2022","4","female","依诺","Yīnuò","","","popular-names-by-country-dataset","CC0-1.0"
"11","Chinese","regional_proxy","CN","","2022","4","male","茗泽","Míngzé","","","popular-names-by-country-dataset","CC0-1.0"
"11","Chinese","regional_proxy","CN","","2022","5","female","梓涵","Zǐhán","","","popular-names-by-country-dataset","CC0-1.0"
"11","Chinese","regional_proxy","CN","","2022","5","male","奕辰","Yìchén","","","popular-names-by-country-dataset","CC0-1.0"
"11","Chinese","regional_proxy","CN","","2022","6","female","苡沫","Yǐmò","","","popular-names-by-country-dataset","CC0-1.0"
"11","Chinese","regional_proxy","CN","","2022","6","male","宇泽","Yǔzé","","","popular-names-by-country-dataset","CC0-1.0"
"11","Chinese","regional_proxy","CN","","2022","7","female","雨桐","Yǔtóng","","","popular-names-by-country-dataset","CC0-1.0"
"11","Chinese","regional_proxy","CN","","2022","7","male","浩然","Hàorán","","","popular-names-by-country-dataset","CC0-1.0"
"11","Chinese","regional_proxy","CN","","2022","8","female","欣怡","Xīnyí","","","popular-names-by-country-dataset","CC0-1.0"
"11","Chinese","regional_proxy","CN","","2022","8","male","奕泽","Yìzé","","","popular-names-by-country-dataset","CC0-1.0"
"11","Chinese","regional_proxy","CN","","2022","9","female","语桐","Yǔtóng","","","popular-names-by-country-dataset","CC0-1.0"
"11","Chinese","regional_proxy","CN","","2022","9","male","宇轩","Yǔxuān","","","popular-names-by-country-dataset","CC0-1.0"
"11","Chinese","regional_proxy","CN","","2022","10","female","语汐","Yǔxī","","","popular-names-by-country-dataset","CC0-1.0"
"11","Chinese","regional_proxy","CN","","2022","10","male","沐阳","Mùyáng","","","popular-names-by-country-dataset","CC0-1.0"
"11","Chinese","regional_proxy","TW","","2010","1","female","淑芬","Shu-fen","","Census","popular-names-by-country-dataset","CC0-1.0"
"11","Chinese","regional_proxy","TW","","2010","1","male","家豪","Chia-hao","","Census","popular-names-by-country-dataset","CC0-1.0"
"11","Chinese","regional_proxy","TW","","2010","2","female","淑惠","Shu-hui","","Census","popular-names-by-country-dataset","CC0-1.0"
"11","Chinese","regional_proxy","TW","","2010","2","male","志明","Chih-ming","","Census","popular-names-by-country-dataset","CC0-1.0"
"11","Chinese","regional_proxy","TW","","2010","3","female","美玲","Mei-ling","","Census","popular-names-by-country-dataset","CC0-1.0"
"11","Chinese","regional_proxy","TW","","2010","3","male","俊傑","Chun-chieh","","Census","popular-names-by-country-dataset","CC0-1.0"
"11","Chinese","regional_proxy","TW","","2010","4","female","雅婷","Ya-ting","","Census","popular-names-by-country-dataset","CC0-1.0"
"11","Chinese","regional_proxy","TW","","2010","4","male","建宏","Chien-hung","","Census","popular-names-by-country-dataset","CC0-1.0"
"11","Chinese","regional_proxy","TW","","2010","5","female","美惠","Mei-hui","","Census","popular-names-by-country-dataset","CC0-1.0"
"11","Chinese","regional_proxy","TW","","2010","5","male","俊宏","Chun-hung","","Census","popular-names-by-country-dataset","CC0-1.0"
"11","Chinese","regional_proxy","TW","","2010","6","female","麗華","Li-hua","","Census","popular-names-by-country-dataset","CC0-1.0"
"11","Chinese","regional_proxy","TW","","2010","6","male","志豪","Chih-hao","","Census","popular-names-by-country-dataset","CC0-1.0"
"11","Chinese","regional_proxy","TW","","2010","7","female","淑娟","Shu-chuan","","Census","popular-names-by-country-dataset","CC0-1.0"
"11","Chinese","regional_proxy","TW","","2010","7","male","志偉","Chih-wei","","Census","popular-names-by-country-dataset","CC0-1.0"
"11","Chinese","regional_proxy","TW","","2010","8","female","淑貞","Shu-chen","","Census","popular-names-by-country-dataset","CC0-1.0"
"11","Chinese","regional_proxy","TW","","2010","8","male","文雄","Wen-Hsiung","","Census","popular-names-by-country-dataset","CC0-1.0"
"11","Chinese","regional_proxy","TW","","2010","9","female","怡君","I-chun","","Census","popular-names-by-country-dataset","CC0-1.0"
"11","Chinese","regional_proxy","TW","","2010","9","male","金龍","Chin-lung","","Census","popular-names-by-country-dataset","CC0-1.0"
"11","Chinese","regional_proxy","TW","","2010","10","female","淑華","Shu-hua","","Census","popular-names-by-country-dataset","CC0-1.0"
"11","Chinese","regional_proxy","TW","","2010","10","male","志強","Chih-chiang","","Census","popular-names-by-country-dataset","CC0-1.0"
"12","Japanese","direct_country","JP","","2022","1","male","蒼","Aoi","","","popular-names-by-country-dataset","CC0-1.0"
"12","Japanese","direct_country","JP","","2022","1","male","蒼","Sō","","","popular-names-by-country-dataset","CC0-1.0"
"12","Japanese","direct_country","JP","","2022","1","male","蒼","Ao","","","popular-names-by-country-dataset","CC0-1.0"
"12","Japanese","direct_country","JP","","2022","1","female","陽葵","Himari","","","popular-names-by-country-dataset","CC0-1.0"
"12","Japanese","direct_country","JP","","2022","1","female","陽葵","Hinata","","","popular-names-by-country-dataset","CC0-1.0"
"12","Japanese","direct_country","JP","","2022","1","female","陽葵","Hina","","","popular-names-by-country-dataset","CC0-1.0"
"12","Japanese","direct_country","JP","","2022","2","male","凪","Nagi","","","popular-names-by-country-dataset","CC0-1.0"
"12","Japanese","direct_country","JP","","2022","2","male","凪","Nagisa","","","popular-names-by-country-dataset","CC0-1.0"
"12","Japanese","direct_country","JP","","2022","2","female","凛","Rin","","","popular-names-by-country-dataset","CC0-1.0"
"12","Japanese","direct_country","JP","","2022","3","male","蓮","Ren","","","popular-names-by-country-dataset","CC0-1.0"
"12","Japanese","direct_country","JP","","2022","3","female","詩","Uta","","","popular-names-by-country-dataset","CC0-1.0"
"12","Japanese","direct_country","JP","","2022","4","male","陽翔","Haruto","","","popular-names-by-country-dataset","CC0-1.0"
"12","Japanese","direct_country","JP","","2022","4","male","陽翔","Hinato","","","popular-names-by-country-dataset","CC0-1.0"
"12","Japanese","direct_country","JP","","2022","4","female","陽菜","Hina","","","popular-names-by-country-dataset","CC0-1.0"
"12","Japanese","direct_country","JP","","2022","4","female","陽菜","Haruna","","","popular-names-by-country-dataset","CC0-1.0"
"12","Japanese","direct_country","JP","","2022","5","male","湊","Minato","","","popular-names-by-country-dataset","CC0-1.0"
"12","Japanese","direct_country","JP","","2022","5","female","結菜","Yuina","","","popular-names-by-country-dataset","CC0-1.0"
"12","Japanese","direct_country","JP","","2022","5","female","結菜","Yuna","","","popular-names-by-country-dataset","CC0-1.0"
"12","Japanese","direct_country","JP","","2022","5","female","結菜","Yūna","","","popular-names-by-country-dataset","CC0-1.0"
"12","Japanese","direct_country","JP","","2022","6","male","颯真","Sōma","","","popular-names-by-country-dataset","CC0-1.0"
"12","Japanese","direct_country","JP","","2022","6","male","颯真","Fūma","","","popular-names-by-country-dataset","CC0-1.0"
"12","Japanese","direct_country","JP","","2022","6","female","杏","An","","","popular-names-by-country-dataset","CC0-1.0"
"12","Japanese","direct_country","JP","","2022","6","female","杏","Anzu","","","popular-names-by-country-dataset","CC0-1.0"
"12","Japanese","direct_country","JP","","2022","7","male","碧","Ao","","","popular-names-by-country-dataset","CC0-1.0"
"12","Japanese","direct_country","JP","","2022","7","male","碧","Aoi","","","popular-names-by-country-dataset","CC0-1.0"
"12","Japanese","direct_country","JP","","2022","7","female","澪","Mio","","","popular-names-by-country-dataset","CC0-1.0"
"12","Japanese","direct_country","JP","","2022","7","female","澪","Rei","","","popular-names-by-country-dataset","CC0-1.0"
"12","Japanese","direct_country","JP","","2022","8","male","樹","Itsuki","","","popular-names-by-country-dataset","CC0-1.0"
"12","Japanese","direct_country","JP","","2022","8","male","樹","Tatsuki","","","popular-names-by-country-dataset","CC0-1.0"
"12","Japanese","direct_country","JP","","2022","8","female","結愛","Yua","","","popular-names-by-country-dataset","CC0-1.0"
"12","Japanese","direct_country","JP","","2022","9","male","大和","Yamato","","","popular-names-by-country-dataset","CC0-1.0"
"12","Japanese","direct_country","JP","","2022","9","female","芽依","Mei","","","popular-names-by-country-dataset","CC0-1.0"
"12","Japanese","direct_country","JP","","2022","10","male","悠真","Yūma","","","popular-names-by-country-dataset","CC0-1.0"
"12","Japanese","direct_country","JP","","2022","10","male","悠真","Haruma","","","popular-names-by-country-dataset","CC0-1.0"
"12","Japanese","direct_country","JP","","2022","10","female","莉子","Riko","","","popular-names-by-country-dataset","CC0-1.0"
"12","Japanese","direct_country","JP","","2022","11","male","暖","Dan","","","popular-names-by-country-dataset","CC0-1.0"
"12","Japanese","direct_country","JP","","2022","11","male","暖","Haru","","","popular-names-by-country-dataset","CC0-1.0"
"12","Japanese","direct_country","JP","","2022","11","female","さくら","Sakura","","","popular-names-by-country-dataset","CC0-1.0"
"12","Japanese","direct_country","JP","","2022","12","female","咲茉","Ema","","","popular-names-by-country-dataset","CC0-1.0"
"13","Portuguese","regional_proxy","BR","","2010","1","female","Maria","Maria","","Census","popular-names-by-country-dataset","CC0-1.0"
"13","Portuguese","regional_proxy","BR","","2010","1","male","José","José","","Census","popular-names-by-country-dataset","CC0-1.0"
"13","Portuguese","regional_proxy","BR","","2022","1","female","Helena","Helena","","","popular-names-by-country-dataset","CC0-1.0"
"13","Portuguese","regional_proxy","BR","","2022","1","male","Miguel","Miguel","","","popular-names-by-country-dataset","CC0-1.0"
"13","Portuguese","regional_proxy","BR","","2010","2","female","Ana","Ana","","Census","popular-names-by-country-dataset","CC0-1.0"
"13","Portuguese","regional_proxy","BR","","2010","2","male","João","João","","Census","popular-names-by-country-dataset","CC0-1.0"
"13","Portuguese","regional_proxy","BR","","2022","2","female","Alice","Alice","","","popular-names-by-country-dataset","CC0-1.0"
"13","Portuguese","regional_proxy","BR","","2022","2","male","Arthur","Arthur","","","popular-names-by-country-dataset","CC0-1.0"
"13","Portuguese","regional_proxy","BR","","2010","3","female","Francisca","Francisca","","Census","popular-names-by-country-dataset","CC0-1.0"
"13","Portuguese","regional_proxy","BR","","2010","3","male","Antônio","Antônio","","Census","popular-names-by-country-dataset","CC0-1.0"
"13","Portuguese","regional_proxy","BR","","2022","3","female","Laura","Laura","","","popular-names-by-country-dataset","CC0-1.0"
"13","Portuguese","regional_proxy","BR","","2022","3","male","Gael","Gael","","","popular-names-by-country-dataset","CC0-1.0"
"13","Portuguese","regional_proxy","BR","","2010","4","female","Antônia","Antônia","","Census","popular-names-by-country-dataset","CC0-1.0"
"13","Portuguese","regional_proxy","BR","","2010","4","male","Francisco","Francisco","","Census","popular-names-by-country-dataset","CC0-1.0"
"13","Portuguese","regional_proxy","BR","","2022","4","female","Maria Alice","Maria Alice","","","popular-names-by-country-dataset","CC0-1.0"
"13","Portuguese","regional_proxy","BR","","2022","4","male","Théo","Théo","","","popular-names-by-country-dataset","CC0-1.0"
"13","Portuguese","regional_proxy","BR","","2010","5","female","Adriana","Adriana","","Census","popular-names-by-country-dataset","CC0-1.0"
"13","Portuguese","regional_proxy","BR","","2010","5","male","Carlos","Carlos","","Census","popular-names-by-country-dataset","CC0-1.0"
"13","Portuguese","regional_proxy","BR","","2022","5","female","Sophia","Sophia","","","popular-names-by-country-dataset","CC0-1.0"
"13","Portuguese","regional_proxy","BR","","2022","5","male","Heitor","Heitor","","","popular-names-by-country-dataset","CC0-1.0"
"13","Portuguese","regional_proxy","BR","","2010","6","female","Juliana","Juliana","","Census","popular-names-by-country-dataset","CC0-1.0"
"13","Portuguese","regional_proxy","BR","","2010","6","male","Paulo","Paulo","","Census","popular-names-by-country-dataset","CC0-1.0"
"13","Portuguese","regional_proxy","BR","","2022","6","female","Manuela","Manuela","","","popular-names-by-country-dataset","CC0-1.0"
"13","Portuguese","regional_proxy","BR","","2022","6","male","Ravi","Ravi","","","popular-names-by-country-dataset","CC0-1.0"
"13","Portuguese","regional_proxy","BR","","2010","7","female","Marcia","Marcia","","Census","popular-names-by-country-dataset","CC0-1.0"
"13","Portuguese","regional_proxy","BR","","2010","7","male","Pedro","Pedro","","Census","popular-names-by-country-dataset","CC0-1.0"
"13","Portuguese","regional_proxy","BR","","2022","7","female","Maitê","Maitê","","","popular-names-by-country-dataset","CC0-1.0"
"13","Portuguese","regional_proxy","BR","","2022","7","male","Davi","Davi","","","popular-names-by-country-dataset","CC0-1.0"
"13","Portuguese","regional_proxy","BR","","2010","8","female","Fernanda","Fernanda","","Census","popular-names-by-country-dataset","CC0-1.0"
"13","Portuguese","regional_proxy","BR","","2010","8","male","Lucas","Lucas","","Census","popular-names-by-country-dataset","CC0-1.0"
"13","Portuguese","regional_proxy","BR","","2022","8","female","Liz","Liz","","","popular-names-by-country-dataset","CC0-1.0"
"13","Portuguese","regional_proxy","BR","","2022","8","male","Berrdo","Berrdo","","","popular-names-by-country-dataset","CC0-1.0"
"13","Portuguese","regional_proxy","BR","","2010","9","female","Patrícia","Patrícia","","Census","popular-names-by-country-dataset","CC0-1.0"
"13","Portuguese","regional_proxy","BR","","2010","9","male","Luiz","Luiz","","Census","popular-names-by-country-dataset","CC0-1.0"
"13","Portuguese","regional_proxy","BR","","2022","9","female","Cecília","Cecília","","","popular-names-by-country-dataset","CC0-1.0"
"13","Portuguese","regional_proxy","BR","","2022","9","male","Noah","Noah","","","popular-names-by-country-dataset","CC0-1.0"
"13","Portuguese","regional_proxy","BR","","2010","10","female","Aline","Aline","","Census","popular-names-by-country-dataset","CC0-1.0"
"13","Portuguese","regional_proxy","BR","","2010","10","male","Marcos","Marcos","","Census","popular-names-by-country-dataset","CC0-1.0"
"13","Portuguese","regional_proxy","BR","","2022","10","female","Isabella","Isabella","","","popular-names-by-country-dataset","CC0-1.0"
"13","Portuguese","regional_proxy","BR","","2022","10","male","Gabriel","Gabriel","","","popular-names-by-country-dataset","CC0-1.0"
"13","Portuguese","regional_proxy","PT","","2022","1","female","Maria","Maria","","","popular-names-by-country-dataset","CC0-1.0"
"13","Portuguese","regional_proxy","PT","","2022","1","male","Francisco","Francisco","","","popular-names-by-country-dataset","CC0-1.0"
"13","Portuguese","regional_proxy","PT","","2022","2","female","Alice","Alice","","","popular-names-by-country-dataset","CC0-1.0"
"13","Portuguese","regional_proxy","PT","","2022","2","male","Afonso","Afonso","","","popular-names-by-country-dataset","CC0-1.0"
"13","Portuguese","regional_proxy","PT","","2022","3","female","Leonor","Leonor","","","popular-names-by-country-dataset","CC0-1.0"
"13","Portuguese","regional_proxy","PT","","2022","3","male","João","João","","","popular-names-by-country-dataset","CC0-1.0"
"13","Portuguese","regional_proxy","PT","","2022","4","female","Matilde","Matilde","","","popular-names-by-country-dataset","CC0-1.0"
"13","Portuguese","regional_proxy","PT","","2022","4","male","Tomás","Tomás","","","popular-names-by-country-dataset","CC0-1.0"
"13","Portuguese","regional_proxy","PT","","2022","5","female","Benedita","Benedita","","","popular-names-by-country-dataset","CC0-1.0"
"13","Portuguese","regional_proxy","PT","","2022","5","male","Duarte","Duarte","","","popular-names-by-country-dataset","CC0-1.0"
"13","Portuguese","regional_proxy","PT","","2022","6","female","Carolina","Carolina","","","popular-names-by-country-dataset","CC0-1.0"
"13","Portuguese","regional_proxy","PT","","2022","6","male","Lourenço","Lourenço","","","popular-names-by-country-dataset","CC0-1.0"
"13","Portuguese","regional_proxy","PT","","2022","7","female","Beatriz","Beatriz","","","popular-names-by-country-dataset","CC0-1.0"
"13","Portuguese","regional_proxy","PT","","2022","7","male","Santiago","Santiago","","","popular-names-by-country-dataset","CC0-1.0"
"13","Portuguese","regional_proxy","PT","","2022","8","female","Margarida","Margarida","","","popular-names-by-country-dataset","CC0-1.0"
"13","Portuguese","regional_proxy","PT","","2022","8","male","Martim","Martim","","","popular-names-by-country-dataset","CC0-1.0"
"13","Portuguese","regional_proxy","PT","","2022","9","female","Francisca","Francisca","","","popular-names-by-country-dataset","CC0-1.0"
"13","Portuguese","regional_proxy","PT","","2022","9","male","Miguel","Miguel","","","popular-names-by-country-dataset","CC0-1.0"
"13","Portuguese","regional_proxy","PT","","2022","10","female","Camila","Camila","","","popular-names-by-country-dataset","CC0-1.0"
"13","Portuguese","regional_proxy","PT","","2022","10","male","Gabriel","Gabriel","","","popular-names-by-country-dataset","CC0-1.0"
"14","Nahuatl","country_proxy","MX","","2021","1","female","Sofía","Sofía","","","popular-names-by-country-dataset","CC0-1.0"
"14","Nahuatl","country_proxy","MX","","2021","1","male","Santiago","Santiago","","","popular-names-by-country-dataset","CC0-1.0"
"14","Nahuatl","country_proxy","MX","","2021","2","female","Valentina","Valentina","","","popular-names-by-country-dataset","CC0-1.0"
"14","Nahuatl","country_proxy","MX","","2021","2","male","Mateo","Mateo","","","popular-names-by-country-dataset","CC0-1.0"
"14","Nahuatl","country_proxy","MX","","2021","3","female","Regina","Regina","","","popular-names-by-country-dataset","CC0-1.0"
"14","Nahuatl","country_proxy","MX","","2021","3","male","Sebastián","Sebastián","","","popular-names-by-country-dataset","CC0-1.0"
"14","Nahuatl","country_proxy","MX","","2021","4","female","María José","María José","","","popular-names-by-country-dataset","CC0-1.0"
"14","Nahuatl","country_proxy","MX","","2021","4","male","Leordo","Leordo","","","popular-names-by-country-dataset","CC0-1.0"
"14","Nahuatl","country_proxy","MX","","2021","5","female","Ximena","Ximena","","","popular-names-by-country-dataset","CC0-1.0"
"14","Nahuatl","country_proxy","MX","","2021","5","male","Matías","Matías","","","popular-names-by-country-dataset","CC0-1.0"
"14","Nahuatl","country_proxy","MX","","2021","6","female","Camila","Camila","","","popular-names-by-country-dataset","CC0-1.0"
"14","Nahuatl","country_proxy","MX","","2021","6","male","Emiliano","Emiliano","","","popular-names-by-country-dataset","CC0-1.0"
"14","Nahuatl","country_proxy","MX","","2021","7","female","María Fernanda","María Fernanda","","","popular-names-by-country-dataset","CC0-1.0"
"14","Nahuatl","country_proxy","MX","","2021","7","male","Diego","Diego","","","popular-names-by-country-dataset","CC0-1.0"
"14","Nahuatl","country_proxy","MX","","2021","8","female","Valeria","Valeria","","","popular-names-by-country-dataset","CC0-1.0"
"14","Nahuatl","country_proxy","MX","","2021","8","male","Daniel","Daniel","","","popular-names-by-country-dataset","CC0-1.0"
"14","Nahuatl","country_proxy","MX","","2021","9","female","Victoria","Victoria","","","popular-names-by-country-dataset","CC0-1.0"
"14","Nahuatl","country_proxy","MX","","2021","9","male","Miguel Ángel","Miguel Ángel","","","popular-names-by-country-dataset","CC0-1.0"
"14","Nahuatl","country_proxy","MX","","2021","10","female","Renata","Renata","","","popular-names-by-country-dataset","CC0-1.0"
"14","Nahuatl","country_proxy","MX","","2021","10","male","Alexander","Alexander","","","popular-names-by-country-dataset","CC0-1.0"
"15","Hungarian","direct_country","HU","","2021","1","female","Hanna","Hanna","","","popular-names-by-country-dataset","CC0-1.0"
"15","Hungarian","direct_country","HU","","2021","1","male","Levente","Levente","","","popular-names-by-country-dataset","CC0-1.0"
"15","Hungarian","direct_country","HU","","2021","2","female","Zoé","Zoé","","","popular-names-by-country-dataset","CC0-1.0"
"15","Hungarian","direct_country","HU","","2021","2","male","Máté","Máté","","","popular-names-by-country-dataset","CC0-1.0"
"15","Hungarian","direct_country","HU","","2021","3","female","Anna","Anna","","","popular-names-by-country-dataset","CC0-1.0"
"15","Hungarian","direct_country","HU","","2021","3","male","Dominik","Dominik","","","popular-names-by-country-dataset","CC0-1.0"
"15","Hungarian","direct_country","HU","","2021","4","female","Léna","Léna","","","popular-names-by-country-dataset","CC0-1.0"
"15","Hungarian","direct_country","HU","","2021","4","male","Bence","Bence","","","popular-names-by-country-dataset","CC0-1.0"
"15","Hungarian","direct_country","HU","","2021","5","female","Luca","Luca","","","popular-names-by-country-dataset","CC0-1.0"
"15","Hungarian","direct_country","HU","","2021","5","male","Olivér","Olivér","","","popular-names-by-country-dataset","CC0-1.0"
"15","Hungarian","direct_country","HU","","2021","6","female","Emma","Emma","","","popular-names-by-country-dataset","CC0-1.0"
"15","Hungarian","direct_country","HU","","2021","6","male","Noel","Noel","","","popular-names-by-country-dataset","CC0-1.0"
"15","Hungarian","direct_country","HU","","2021","7","female","Boglárka","Boglárka","","","popular-names-by-country-dataset","CC0-1.0"
"15","Hungarian","direct_country","HU","","2021","7","male","Marcell","Marcell","","","popular-names-by-country-dataset","CC0-1.0"
"15","Hungarian","direct_country","HU","","2021","8","female","Lili","Lili","","","popular-names-by-country-dataset","CC0-1.0"
"15","Hungarian","direct_country","HU","","2021","8","male","Dániel","Dániel","","","popular-names-by-country-dataset","CC0-1.0"
"15","Hungarian","direct_country","HU","","2021","9","female","Lilien","Lilien","","","popular-names-by-country-dataset","CC0-1.0"
"15","Hungarian","direct_country","HU","","2021","9","male","Zalán","Zalán","","","popular-names-by-country-dataset","CC0-1.0"
"15","Hungarian","direct_country","HU","","2021","10","female","Lara","Lara","","","popular-names-by-country-dataset","CC0-1.0"
"15","Hungarian","direct_country","HU","","2021","10","male","Ádám","Ádám","","","popular-names-by-country-dataset","CC0-1.0"
"16","Turkish","direct_country","TR","","2013","1","female","Fatma","Fatma","","","popular-names-by-country-dataset","CC0-1.0"
"16","Turkish","direct_country","TR","","2013","1","male","Mehmet","Mehmet","","","popular-names-by-country-dataset","CC0-1.0"
"16","Turkish","direct_country","TR","","2021","1","female","Zeynep","Zeynep","Babies born","","popular-names-by-country-dataset","CC0-1.0"
"16","Turkish","direct_country","TR","","2021","1","male","Yusuf","Yusuf","Babies born","","popular-names-by-country-dataset","CC0-1.0"
"16","Turkish","direct_country","TR","","2013","2","female","Ayşe","Ayşe","","","popular-names-by-country-dataset","CC0-1.0"
"16","Turkish","direct_country","TR","","2013","2","male","Mustafa","Mustafa","","","popular-names-by-country-dataset","CC0-1.0"
"16","Turkish","direct_country","TR","","2021","2","female","Elif","Elif","Babies born","","popular-names-by-country-dataset","CC0-1.0"
"16","Turkish","direct_country","TR","","2021","2","male","Alparslan","Alparslan","Babies born","","popular-names-by-country-dataset","CC0-1.0"
"16","Turkish","direct_country","TR","","2013","3","female","Emine","Emine","","","popular-names-by-country-dataset","CC0-1.0"
"16","Turkish","direct_country","TR","","2013","3","male","Ahmet","Ahmet","","","popular-names-by-country-dataset","CC0-1.0"
"16","Turkish","direct_country","TR","","2021","3","female","Asel","Asel","Babies born","","popular-names-by-country-dataset","CC0-1.0"
"16","Turkish","direct_country","TR","","2021","3","male","Miraç","Miraç","Babies born","","popular-names-by-country-dataset","CC0-1.0"
"16","Turkish","direct_country","TR","","2013","4","female","Hatice","Hatice","","","popular-names-by-country-dataset","CC0-1.0"
"16","Turkish","direct_country","TR","","2013","4","male","Ali","Ali","","","popular-names-by-country-dataset","CC0-1.0"
"16","Turkish","direct_country","TR","","2021","4","female","Asya","Asya","Babies born","","popular-names-by-country-dataset","CC0-1.0"
"16","Turkish","direct_country","TR","","2021","4","male","Ömer Asaf","Ömer Asaf","Babies born","","popular-names-by-country-dataset","CC0-1.0"
"16","Turkish","direct_country","TR","","2013","5","female","Zeynep","Zeynep","","","popular-names-by-country-dataset","CC0-1.0"
"16","Turkish","direct_country","TR","","2013","5","male","Hüseyin","Hüseyin","","","popular-names-by-country-dataset","CC0-1.0"
"16","Turkish","direct_country","TR","","2021","5","female","Defne","Defne","Babies born","","popular-names-by-country-dataset","CC0-1.0"
"16","Turkish","direct_country","TR","","2021","5","male","Eymen","Eymen","Babies born","","popular-names-by-country-dataset","CC0-1.0"
"16","Turkish","direct_country","TR","","2013","6","female","Elif","Elif","","","popular-names-by-country-dataset","CC0-1.0"
"16","Turkish","direct_country","TR","","2013","6","male","Hasan","Hasan","","","popular-names-by-country-dataset","CC0-1.0"
"16","Turkish","direct_country","TR","","2021","6","female","Nehir","Nehir","Babies born","","popular-names-by-country-dataset","CC0-1.0"
"16","Turkish","direct_country","TR","","2021","6","male","Göktug","Göktug","Babies born","","popular-names-by-country-dataset","CC0-1.0"
"16","Turkish","direct_country","TR","","2013","7","female","Meryem","Meryem","","","popular-names-by-country-dataset","CC0-1.0"
"16","Turkish","direct_country","TR","","2013","7","male","Ibrahim","Ibrahim","","","popular-names-by-country-dataset","CC0-1.0"
"16","Turkish","direct_country","TR","","2021","7","female","Azra","Azra","Babies born","","popular-names-by-country-dataset","CC0-1.0"
"16","Turkish","direct_country","TR","","2021","7","male","Ömer","Ömer","Babies born","","popular-names-by-country-dataset","CC0-1.0"
"16","Turkish","direct_country","TR","","2013","8","female","Şerife","Şerife","","","popular-names-by-country-dataset","CC0-1.0"
"16","Turkish","direct_country","TR","","2013","8","male","İsmail","İsmail","","","popular-names-by-country-dataset","CC0-1.0"
"16","Turkish","direct_country","TR","","2021","8","female","Zümra","Zümra","Babies born","","popular-names-by-country-dataset","CC0-1.0"
"16","Turkish","direct_country","TR","","2021","8","male","Mustafa","Mustafa","Babies born","","popular-names-by-country-dataset","CC0-1.0"
"16","Turkish","direct_country","TR","","2013","9","female","Zehra","Zehra","","","popular-names-by-country-dataset","CC0-1.0"
"16","Turkish","direct_country","TR","","2013","9","male","Osman","Osman","","","popular-names-by-country-dataset","CC0-1.0"
"16","Turkish","direct_country","TR","","2021","9","female","Eylül","Eylül","Babies born","","popular-names-by-country-dataset","CC0-1.0"
"16","Turkish","direct_country","TR","","2021","9","male","Aras","Aras","Babies born","","popular-names-by-country-dataset","CC0-1.0"
"16","Turkish","direct_country","TR","","2013","10","female","Sultan","Sultan","","","popular-names-by-country-dataset","CC0-1.0"
"16","Turkish","direct_country","TR","","2013","10","male","Yusuf","Yusuf","","","popular-names-by-country-dataset","CC0-1.0"
"16","Turkish","direct_country","TR","","2021","10","female","Ecrin","Ecrin","Babies born","","popular-names-by-country-dataset","CC0-1.0"
"16","Turkish","direct_country","TR","","2021","10","male","Ali Asaf","Ali Asaf","Babies born","","popular-names-by-country-dataset","CC0-1.0"
"17","Berber","country_proxy","DZ","","2010","1","male","Omar","Omar","","","popular-names-by-country-dataset","CC0-1.0"
"17","Berber","country_proxy","DZ","","2020","1","female","Imene","Imene","","","popular-names-by-country-dataset","CC0-1.0"
"17","Berber","country_proxy","DZ","","2010","2","male","Abdelkader","Abdelkader","","","popular-names-by-country-dataset","CC0-1.0"
"17","Berber","country_proxy","DZ","","2020","2","female","Sara","Sara","","","popular-names-by-country-dataset","CC0-1.0"
"17","Berber","country_proxy","DZ","","2010","3","male","Ahmed","Ahmed","","","popular-names-by-country-dataset","CC0-1.0"
"17","Berber","country_proxy","DZ","","2020","3","female","Yasmine","Yasmine","","","popular-names-by-country-dataset","CC0-1.0"
"17","Berber","country_proxy","DZ","","2010","4","male","Mohammed","Mohammed","","","popular-names-by-country-dataset","CC0-1.0"
"17","Berber","country_proxy","DZ","","2020","4","female","Lyna","Lyna","","","popular-names-by-country-dataset","CC0-1.0"
"17","Berber","country_proxy","DZ","","2010","5","male","Ali","Ali","","","popular-names-by-country-dataset","CC0-1.0"
"17","Berber","country_proxy","DZ","","2020","5","female","Maria","Maria","","","popular-names-by-country-dataset","CC0-1.0"
"17","Berber","country_proxy","DZ","","2010","6","male","Rachid","Rachid","","","popular-names-by-country-dataset","CC0-1.0"
"17","Berber","country_proxy","DZ","","2020","6","female","Amina","Amina","","","popular-names-by-country-dataset","CC0-1.0"
"17","Berber","country_proxy","DZ","","2010","7","male","Said","Said","","","popular-names-by-country-dataset","CC0-1.0"
"17","Berber","country_proxy","DZ","","2020","7","female","Meriem","Meriem","","","popular-names-by-country-dataset","CC0-1.0"
"17","Berber","country_proxy","DZ","","2010","8","male","Brahim","Brahim","","","popular-names-by-country-dataset","CC0-1.0"
"17","Berber","country_proxy","DZ","","2020","8","female","Karima","Karima","","","popular-names-by-country-dataset","CC0-1.0"
"17","Berber","country_proxy","DZ","","2010","9","male","Omar","Omar","","","popular-names-by-country-dataset","CC0-1.0"
"17","Berber","country_proxy","DZ","","2020","9","female","Melissa","Melissa","","","popular-names-by-country-dataset","CC0-1.0"
"17","Berber","country_proxy","DZ","","2010","10","male","Djamel","Djamel","","","popular-names-by-country-dataset","CC0-1.0"
"17","Berber","country_proxy","DZ","","2020","10","female","Lydia","Lydia","","","popular-names-by-country-dataset","CC0-1.0"
"17","Berber","country_proxy","MA","","2019","1","female","Inès","Inès","","","popular-names-by-country-dataset","CC0-1.0"
"17","Berber","country_proxy","MA","","2019","1","male","Mohamed","Mohamed","","","popular-names-by-country-dataset","CC0-1.0"
"17","Berber","country_proxy","MA","","2019","2","female","Noûr","Noûr","","","popular-names-by-country-dataset","CC0-1.0"
"17","Berber","country_proxy","MA","","2019","2","male","Amir","Amir","","","popular-names-by-country-dataset","CC0-1.0"
"17","Berber","country_proxy","MA","","2019","3","female","Aya","Aya","","","popular-names-by-country-dataset","CC0-1.0"
"17","Berber","country_proxy","MA","","2019","3","male","Ibrahim","Ibrahim","","","popular-names-by-country-dataset","CC0-1.0"
"17","Berber","country_proxy","MA","","2019","4","female","Yasmine","Yasmine","","","popular-names-by-country-dataset","CC0-1.0"
"17","Berber","country_proxy","MA","","2019","4","male","Naïm","Naïm","","","popular-names-by-country-dataset","CC0-1.0"
"17","Berber","country_proxy","MA","","2019","5","female","Assia","Assia","","","popular-names-by-country-dataset","CC0-1.0"
"17","Berber","country_proxy","MA","","2019","5","male","Ayoub","Ayoub","","","popular-names-by-country-dataset","CC0-1.0"
"17","Berber","country_proxy","MA","","2019","6","female","Maryam","Maryam","","","popular-names-by-country-dataset","CC0-1.0"
"17","Berber","country_proxy","MA","","2019","6","male","Youssef","Youssef","","","popular-names-by-country-dataset","CC0-1.0"
"17","Berber","country_proxy","MA","","2019","7","female","Aïcha","Aïcha","","","popular-names-by-country-dataset","CC0-1.0"
"17","Berber","country_proxy","MA","","2019","7","male","Younès","Younès","","","popular-names-by-country-dataset","CC0-1.0"
"17","Berber","country_proxy","MA","","2019","8","female","Nora","Nora","","","popular-names-by-country-dataset","CC0-1.0"
"17","Berber","country_proxy","MA","","2019","8","male","Wassim","Wassim","","","popular-names-by-country-dataset","CC0-1.0"
"17","Berber","country_proxy","MA","","2019","9","female","Amira","Amira","","","popular-names-by-country-dataset","CC0-1.0"
"17","Berber","country_proxy","MA","","2019","9","male","Ali","Ali","","","popular-names-by-country-dataset","CC0-1.0"
"17","Berber","country_proxy","MA","","2019","10","female","Amina","Amina","","","popular-names-by-country-dataset","CC0-1.0"
"17","Berber","country_proxy","MA","","2019","10","male","Amine","Amine","","","popular-names-by-country-dataset","CC0-1.0"
"18","Arabic","regional_proxy","AE","Dubai","2015","1","female","Mariam","Mariam","","","popular-names-by-country-dataset","CC0-1.0"
"18","Arabic","regional_proxy","AE","Dubai","2015","1","male","Mohammad","Mohammad","","","popular-names-by-country-dataset","CC0-1.0"
"18","Arabic","regional_proxy","AE","Arab world","2021","1","female","مريم","Maryam","","BabyCenter","popular-names-by-country-dataset","CC0-1.0"
"18","Arabic","regional_proxy","AE","","2021","1","male","محمد","Mohamed","","","popular-names-by-country-dataset","CC0-1.0"
"18","Arabic","regional_proxy","AE","Dubai","2015","2","female","Sara","Sara","","","popular-names-by-country-dataset","CC0-1.0"
"18","Arabic","regional_proxy","AE","Dubai","2015","2","male","Ali","Ali","","","popular-names-by-country-dataset","CC0-1.0"
"18","Arabic","regional_proxy","AE","Arab world","2021","2","female","فاطمة","Fatima","","BabyCenter","popular-names-by-country-dataset","CC0-1.0"
"18","Arabic","regional_proxy","AE","","2021","2","male","عبدالله","Abdullah","","","popular-names-by-country-dataset","CC0-1.0"
"18","Arabic","regional_proxy","AE","Dubai","2015","3","female","Sarah","Sarah","","","popular-names-by-country-dataset","CC0-1.0"
"18","Arabic","regional_proxy","AE","Dubai","2015","3","male","Omar","Omar","","","popular-names-by-country-dataset","CC0-1.0"
"18","Arabic","regional_proxy","AE","Arab world","2021","3","female","لين","Lyn","","BabyCenter","popular-names-by-country-dataset","CC0-1.0"
"18","Arabic","regional_proxy","AE","","2021","3","male","أحمد","Ahmed","","","popular-names-by-country-dataset","CC0-1.0"
"18","Arabic","regional_proxy","AE","Dubai","2015","4","female","Fatima","Fatima","","","popular-names-by-country-dataset","CC0-1.0"
"18","Arabic","regional_proxy","AE","Dubai","2015","4","male","Ahmad","Ahmad","","","popular-names-by-country-dataset","CC0-1.0"
"18","Arabic","regional_proxy","AE","Arab world","2021","4","female","حور","Hur","","BabyCenter","popular-names-by-country-dataset","CC0-1.0"
"18","Arabic","regional_proxy","AE","","2021","4","male","علي","Ali","","","popular-names-by-country-dataset","CC0-1.0"
"18","Arabic","regional_proxy","AE","Dubai","2015","5","female","Fatma","Fatma","","","popular-names-by-country-dataset","CC0-1.0"
"18","Arabic","regional_proxy","AE","Dubai","2015","5","male","Ahmed","Ahmed","","","popular-names-by-country-dataset","CC0-1.0"
"18","Arabic","regional_proxy","AE","Arab world","2021","5","female","ليان","Lian","","BabyCenter","popular-names-by-country-dataset","CC0-1.0"
"18","Arabic","regional_proxy","AE","","2021","5","male","يوسف","Yousouf","","","popular-names-by-country-dataset","CC0-1.0"
"18","Arabic","regional_proxy","AE","Dubai","2015","6","female","Ayesha","Ayesha","","","popular-names-by-country-dataset","CC0-1.0"
"18","Arabic","regional_proxy","AE","Dubai","2015","6","male","Abdulla","Abdulla","","","popular-names-by-country-dataset","CC0-1.0"
"18","Arabic","regional_proxy","AE","Arab world","2021","6","female","ماريا","Maria","","BabyCenter","popular-names-by-country-dataset","CC0-1.0"
"18","Arabic","regional_proxy","AE","","2021","6","male","عمر","Omar","","","popular-names-by-country-dataset","CC0-1.0"
"18","Arabic","regional_proxy","AE","Dubai","2015","7","female","Noor","Noor","","","popular-names-by-country-dataset","CC0-1.0"
"18","Arabic","regional_proxy","AE","Dubai","2015","7","male","Abdullah","Abdullah","","","popular-names-by-country-dataset","CC0-1.0"
"18","Arabic","regional_proxy","AE","Arab world","2021","7","female","ملك","Malak","","BabyCenter","popular-names-by-country-dataset","CC0-1.0"
"18","Arabic","regional_proxy","AE","","2021","7","male","آدم","Adam","","","popular-names-by-country-dataset","CC0-1.0"
"18","Arabic","regional_proxy","AE","Arab world","2021","8","female","نور","Nur","","BabyCenter","popular-names-by-country-dataset","CC0-1.0"
"18","Arabic","regional_proxy","AE","","2021","8","male","عبد","Abd","","","popular-names-by-country-dataset","CC0-1.0"
"18","Arabic","regional_proxy","AE","Arab world","2021","9","female","ميلا","Mila","","BabyCenter","popular-names-by-country-dataset","CC0-1.0"
"18","Arabic","regional_proxy","AE","","2021","9","male","خالد","Khaled","","","popular-names-by-country-dataset","CC0-1.0"
"18","Arabic","regional_proxy","AE","Arab world","2021","10","female","فرح","Farah","","BabyCenter","popular-names-by-country-dataset","CC0-1.0"
"18","Arabic","regional_proxy","AE","","2021","10","male","فهد","Fahd","","","popular-names-by-country-dataset","CC0-1.0"
"18","Arabic","regional_proxy","EG","","2004","1","female","Mary","Mary","Coptic Christians","Unofficial","popular-names-by-country-dataset","CC0-1.0"
"18","Arabic","regional_proxy","EG","","2004","1","male","Peter","Peter","Coptic Christians","Unofficial","popular-names-by-country-dataset","CC0-1.0"
"18","Arabic","regional_proxy","EG","","2004","1","female","Shaimaa","Shaimaa","","Unofficial","popular-names-by-country-dataset","CC0-1.0"
"18","Arabic","regional_proxy","EG","","2004","1","male","Mohamed","Mohamed","","Unofficial","popular-names-by-country-dataset","CC0-1.0"
"18","Arabic","regional_proxy","EG","","2004","2","female","Marie","Marie","Coptic Christians","Unofficial","popular-names-by-country-dataset","CC0-1.0"
"18","Arabic","regional_proxy","EG","","2004","2","male","Pierre","Pierre","Coptic Christians","Unofficial","popular-names-by-country-dataset","CC0-1.0"
"18","Arabic","regional_proxy","EG","","2004","2","female","Fatma","Fatma","","Unofficial","popular-names-by-country-dataset","CC0-1.0"
"18","Arabic","regional_proxy","EG","","2004","2","male","Youssef","Youssef","","Unofficial","popular-names-by-country-dataset","CC0-1.0"
"18","Arabic","regional_proxy","EG","","2004","3","female","Mariam","Mariam","Coptic Christians","Unofficial","popular-names-by-country-dataset","CC0-1.0"
"18","Arabic","regional_proxy","EG","","2004","3","male","George","George","Coptic Christians","Unofficial","popular-names-by-country-dataset","CC0-1.0"
"18","Arabic","regional_proxy","EG","","2004","3","female","Maha","Maha","","Unofficial","popular-names-by-country-dataset","CC0-1.0"
"18","Arabic","regional_proxy","EG","","2004","3","male","Ahmed","Ahmed","","Unofficial","popular-names-by-country-dataset","CC0-1.0"
"18","Arabic","regional_proxy","EG","","2004","4","female","Marina","Marina","Coptic Christians","Unofficial","popular-names-by-country-dataset","CC0-1.0"
"18","Arabic","regional_proxy","EG","","2004","4","male","John","John","Coptic Christians","Unofficial","popular-names-by-country-dataset","CC0-1.0"
"18","Arabic","regional_proxy","EG","","2004","4","female","Reem","Reem","","Unofficial","popular-names-by-country-dataset","CC0-1.0"
"18","Arabic","regional_proxy","EG","","2004","4","male","Mahmoud","Mahmoud","","Unofficial","popular-names-by-country-dataset","CC0-1.0"
"18","Arabic","regional_proxy","EG","","2004","5","female","Irene","Irene","Coptic Christians","Unofficial","popular-names-by-country-dataset","CC0-1.0"
"18","Arabic","regional_proxy","EG","","2004","5","male","Mina","Mina","Coptic Christians","Unofficial","popular-names-by-country-dataset","CC0-1.0"
"18","Arabic","regional_proxy","EG","","2004","5","female","Farida","Farida","","Unofficial","popular-names-by-country-dataset","CC0-1.0"
"18","Arabic","regional_proxy","EG","","2004","5","male","Mustafa","Mustafa","","Unofficial","popular-names-by-country-dataset","CC0-1.0"
"18","Arabic","regional_proxy","EG","","2004","6","female","Malak","Malak","Coptic Christians","Unofficial","popular-names-by-country-dataset","CC0-1.0"
"18","Arabic","regional_proxy","EG","","2004","6","male","Beshoi","Beshoi","Coptic Christians","Unofficial","popular-names-by-country-dataset","CC0-1.0"
"18","Arabic","regional_proxy","EG","","2004","6","female","Aya","Aya","","Unofficial","popular-names-by-country-dataset","CC0-1.0"
"18","Arabic","regional_proxy","EG","","2004","6","male","Yassin","Yassin","","Unofficial","popular-names-by-country-dataset","CC0-1.0"
"18","Arabic","regional_proxy","EG","","2004","7","female","Habiba","Habiba","Coptic Christians","Unofficial","popular-names-by-country-dataset","CC0-1.0"
"18","Arabic","regional_proxy","EG","","2004","7","male","Kirollos","Kirollos","Coptic Christians","Unofficial","popular-names-by-country-dataset","CC0-1.0"
"18","Arabic","regional_proxy","EG","","2004","7","female","Shahd","Shahd","","Unofficial","popular-names-by-country-dataset","CC0-1.0"
"18","Arabic","regional_proxy","EG","","2004","7","male","Taha","Taha","","Unofficial","popular-names-by-country-dataset","CC0-1.0"
"18","Arabic","regional_proxy","EG","","2004","8","female","Hana","Hana","Coptic Christians","Unofficial","popular-names-by-country-dataset","CC0-1.0"
"18","Arabic","regional_proxy","EG","","2004","8","male","Mark","Mark","Coptic Christians","Unofficial","popular-names-by-country-dataset","CC0-1.0"
"18","Arabic","regional_proxy","EG","","2004","8","female","Ashraqat","Ashraqat","","Unofficial","popular-names-by-country-dataset","CC0-1.0"
"18","Arabic","regional_proxy","EG","","2004","8","male","Khaled","Khaled","","Unofficial","popular-names-by-country-dataset","CC0-1.0"
"18","Arabic","regional_proxy","EG","","2004","9","female","Farah","Farah","Coptic Christians","Unofficial","popular-names-by-country-dataset","CC0-1.0"
"18","Arabic","regional_proxy","EG","","2004","9","male","Fadi","Fadi","Coptic Christians","Unofficial","popular-names-by-country-dataset","CC0-1.0"
"18","Arabic","regional_proxy","EG","","2004","9","female","Sahar","Sahar","","Unofficial","popular-names-by-country-dataset","CC0-1.0"
"18","Arabic","regional_proxy","EG","","2004","9","male","Hamza","Hamza","","Unofficial","popular-names-by-country-dataset","CC0-1.0"
"18","Arabic","regional_proxy","EG","","2004","10","female","Marwa","Marwa","Coptic Christians","Unofficial","popular-names-by-country-dataset","CC0-1.0"
"18","Arabic","regional_proxy","EG","","2004","10","male","Habib","Habib","Coptic Christians","Unofficial","popular-names-by-country-dataset","CC0-1.0"
"18","Arabic","regional_proxy","EG","","2004","10","female","Fatin","Fatin","","Unofficial","popular-names-by-country-dataset","CC0-1.0"
"18","Arabic","regional_proxy","EG","","2004","10","male","Bilal","Bilal","","Unofficial","popular-names-by-country-dataset","CC0-1.0"
"18","Arabic","regional_proxy","EG","","2004","11","female","Nada","Nada","Coptic Christians","Unofficial","popular-names-by-country-dataset","CC0-1.0"
"18","Arabic","regional_proxy","EG","","2004","11","female","Dalal","Dalal","","Unofficial","popular-names-by-country-dataset","CC0-1.0"
"18","Arabic","regional_proxy","EG","","2004","11","male","Ibrahim","Ibrahim","","Unofficial","popular-names-by-country-dataset","CC0-1.0"
"18","Arabic","regional_proxy","EG","","2004","12","female","Salma","Salma","Coptic Christians","Unofficial","popular-names-by-country-dataset","CC0-1.0"
"18","Arabic","regional_proxy","EG","","2004","12","female","Doha","Doha","","Unofficial","popular-names-by-country-dataset","CC0-1.0"
"18","Arabic","regional_proxy","EG","","2004","12","male","Hassan","Hassan","","Unofficial","popular-names-by-country-dataset","CC0-1.0"
"18","Arabic","regional_proxy","EG","","2004","13","female","Fajr","Fajr","","Unofficial","popular-names-by-country-dataset","CC0-1.0"
"18","Arabic","regional_proxy","EG","","2004","13","male","Hussein","Hussein","","Unofficial","popular-names-by-country-dataset","CC0-1.0"
"18","Arabic","regional_proxy","EG","","2004","14","female","Suha","Suha","","Unofficial","popular-names-by-country-dataset","CC0-1.0"
"18","Arabic","regional_proxy","EG","","2004","14","male","Karim","Karim","","Unofficial","popular-names-by-country-dataset","CC0-1.0"
"18","Arabic","regional_proxy","EG","","2004","15","female","Rowan","Rowan","","Unofficial","popular-names-by-country-dataset","CC0-1.0"
"18","Arabic","regional_proxy","EG","","2004","15","male","Tareq","Tareq","","Unofficial","popular-names-by-country-dataset","CC0-1.0"
"18","Arabic","regional_proxy","EG","","2004","16","female","Hosniya","Hosniya","","Unofficial","popular-names-by-country-dataset","CC0-1.0"
"18","Arabic","regional_proxy","EG","","2004","16","male","Abdel-Rahman","Abdel-Rahman","","Unofficial","popular-names-by-country-dataset","CC0-1.0"
"18","Arabic","regional_proxy","EG","","2004","17","female","Hasnaa","Hasnaa","","Unofficial","popular-names-by-country-dataset","CC0-1.0"
"18","Arabic","regional_proxy","EG","","2004","17","male","Ali","Ali","","Unofficial","popular-names-by-country-dataset","CC0-1.0"
"18","Arabic","regional_proxy","EG","","2004","18","female","Hosna","Hosna","","Unofficial","popular-names-by-country-dataset","CC0-1.0"
"18","Arabic","regional_proxy","EG","","2004","18","male","Omar","Omar","","Unofficial","popular-names-by-country-dataset","CC0-1.0"
"18","Arabic","regional_proxy","EG","","2004","19","female","Gamila","Gamila","","Unofficial","popular-names-by-country-dataset","CC0-1.0"
"18","Arabic","regional_proxy","EG","","2004","19","male","Halim","Halim","","Unofficial","popular-names-by-country-dataset","CC0-1.0"
"18","Arabic","regional_proxy","EG","","2004","20","female","Gamalat","Gamalat","","Unofficial","popular-names-by-country-dataset","CC0-1.0"
"18","Arabic","regional_proxy","EG","","2004","20","male","Murad","Murad","","Unofficial","popular-names-by-country-dataset","CC0-1.0"
"18","Arabic","regional_proxy","EG","","2004","21","female","Habiba","Habiba","","Unofficial","popular-names-by-country-dataset","CC0-1.0"
"18","Arabic","regional_proxy","EG","","2004","21","male","Selim","Selim","","Unofficial","popular-names-by-country-dataset","CC0-1.0"
"18","Arabic","regional_proxy","EG","","2004","22","male","Abdallah","Abdallah","","Unofficial","popular-names-by-country-dataset","CC0-1.0"
"18","Arabic","regional_proxy","IQ","","2007","1","male","Ali","Ali","","","popular-names-by-country-dataset","CC0-1.0"
"18","Arabic","regional_proxy","IQ","","2007","2","male","Muhammed","Muhammed","","","popular-names-by-country-dataset","CC0-1.0"
"18","Arabic","regional_proxy","IQ","","2007","3","male","Hussein","Hussein","","","popular-names-by-country-dataset","CC0-1.0"
"18","Arabic","regional_proxy","IQ","","2007","4","male","Hydar","Hydar","","","popular-names-by-country-dataset","CC0-1.0"
"18","Arabic","regional_proxy","IQ","","2007","5","male","Ahmed","Ahmed","","","popular-names-by-country-dataset","CC0-1.0"
"18","Arabic","regional_proxy","IQ","","2007","6","male","Omar","Omar","","","popular-names-by-country-dataset","CC0-1.0"
"18","Arabic","regional_proxy","IQ","","2007","7","male","Hasan","Hasan","","","popular-names-by-country-dataset","CC0-1.0"
"18","Arabic","regional_proxy","IQ","","2007","8","male","Kathem","Kathem","","","popular-names-by-country-dataset","CC0-1.0"
"18","Arabic","regional_proxy","IQ","","2007","9","male","Abdullah","Abdullah","","","popular-names-by-country-dataset","CC0-1.0"
"18","Arabic","regional_proxy","IQ","","2007","10","male","Ammar","Ammar","","","popular-names-by-country-dataset","CC0-1.0"
"18","Arabic","regional_proxy","JO","","2020","1","female","Jouri","Jouri","","","popular-names-by-country-dataset","CC0-1.0"
"18","Arabic","regional_proxy","JO","","2020","1","male","Mohammad","Mohammad","","","popular-names-by-country-dataset","CC0-1.0"
"18","Arabic","regional_proxy","JO","","2020","2","female","Salma","Salma","","","popular-names-by-country-dataset","CC0-1.0"
"18","Arabic","regional_proxy","JO","","2020","2","male","Adam","Adam","","","popular-names-by-country-dataset","CC0-1.0"
"18","Arabic","regional_proxy","JO","","2020","3","female","Naya","Naya","","","popular-names-by-country-dataset","CC0-1.0"
"18","Arabic","regional_proxy","JO","","2020","3","male","Ahmed","Ahmed","","","popular-names-by-country-dataset","CC0-1.0"
"18","Arabic","regional_proxy","JO","","2020","4","female","Mira","Mira","","","popular-names-by-country-dataset","CC0-1.0"
"18","Arabic","regional_proxy","JO","","2020","4","male","Youssef","Youssef","","","popular-names-by-country-dataset","CC0-1.0"
"18","Arabic","regional_proxy","JO","","2020","5","female","Lianne","Lianne","","","popular-names-by-country-dataset","CC0-1.0"
"18","Arabic","regional_proxy","JO","","2020","5","male","Omar","Omar","","","popular-names-by-country-dataset","CC0-1.0"
"18","Arabic","regional_proxy","JO","","2020","6","female","Leen","Leen","","","popular-names-by-country-dataset","CC0-1.0"
"18","Arabic","regional_proxy","JO","","2020","6","male","Karam","Karam","","","popular-names-by-country-dataset","CC0-1.0"
"18","Arabic","regional_proxy","JO","","2020","7","female","Zina","Zina","","","popular-names-by-country-dataset","CC0-1.0"
"18","Arabic","regional_proxy","JO","","2020","7","male","Shahem","Shahem","","","popular-names-by-country-dataset","CC0-1.0"
"18","Arabic","regional_proxy","JO","","2020","8","female","Mariam","Mariam","","","popular-names-by-country-dataset","CC0-1.0"
"18","Arabic","regional_proxy","JO","","2020","8","male","Jad","Jad","","","popular-names-by-country-dataset","CC0-1.0"
"18","Arabic","regional_proxy","JO","","2020","9","female","Wateen","Wateen","","","popular-names-by-country-dataset","CC0-1.0"
"18","Arabic","regional_proxy","JO","","2020","9","male","Ali","Ali","","","popular-names-by-country-dataset","CC0-1.0"
"18","Arabic","regional_proxy","JO","","2020","10","female","Tuleen","Tuleen","","","popular-names-by-country-dataset","CC0-1.0"
"18","Arabic","regional_proxy","JO","","2020","10","male","Hashem","Hashem","","","popular-names-by-country-dataset","CC0-1.0"
"18","Arabic","regional_proxy","KW","","2015","1","female","Fatma","Fatma","","","popular-names-by-country-dataset","CC0-1.0"
"18","Arabic","regional_proxy","KW","","2015","1","male","Mohammad","Mohammad","","","popular-names-by-country-dataset","CC0-1.0"
"18","Arabic","regional_proxy","KW","","2015","2","female","Mariam","Mariam","","","popular-names-by-country-dataset","CC0-1.0"
"18","Arabic","regional_proxy","KW","","2015","2","male","Abdullah","Abdullah","","","popular-names-by-country-dataset","CC0-1.0"
"18","Arabic","regional_proxy","KW","","2015","3","female","Hussa","Hussa","","","popular-names-by-country-dataset","CC0-1.0"
"18","Arabic","regional_proxy","KW","","2015","3","male","Fahad","Fahad","","","popular-names-by-country-dataset","CC0-1.0"
"18","Arabic","regional_proxy","KW","","2015","4","female","Sherifa","Sherifa","","","popular-names-by-country-dataset","CC0-1.0"
"18","Arabic","regional_proxy","KW","","2015","4","male","Khaled","Khaled","","","popular-names-by-country-dataset","CC0-1.0"
"18","Arabic","regional_proxy","KW","","2015","5","female","Sara","Sara","","","popular-names-by-country-dataset","CC0-1.0"
"18","Arabic","regional_proxy","KW","","2015","5","male","Ali","Ali","","","popular-names-by-country-dataset","CC0-1.0"
"18","Arabic","regional_proxy","KW","","2015","6","female","Reem","Reem","","","popular-names-by-country-dataset","CC0-1.0"
"18","Arabic","regional_proxy","KW","","2015","6","male","Yousef","Yousef","","","popular-names-by-country-dataset","CC0-1.0"
"18","Arabic","regional_proxy","KW","","2015","7","female","Aisha","Aisha","","","popular-names-by-country-dataset","CC0-1.0"
"18","Arabic","regional_proxy","KW","","2015","7","male","Ahmed","Ahmed","","","popular-names-by-country-dataset","CC0-1.0"
"18","Arabic","regional_proxy","KW","","2015","8","female","Dalal","Dalal","","","popular-names-by-country-dataset","CC0-1.0"
"18","Arabic","regional_proxy","KW","","2015","8","male","Abdulaziz","Abdulaziz","","","popular-names-by-country-dataset","CC0-1.0"
"18","Arabic","regional_proxy","KW","","2015","9","female","Lulwa","Lulwa","","","popular-names-by-country-dataset","CC0-1.0"
"18","Arabic","regional_proxy","KW","","2015","9","male","Faisal","Faisal","","","popular-names-by-country-dataset","CC0-1.0"
"18","Arabic","regional_proxy","KW","","2015","10","female","Shaikha","Shaikha","","","popular-names-by-country-dataset","CC0-1.0"
"18","Arabic","regional_proxy","KW","","2015","10","male","Bader","Bader","","","popular-names-by-country-dataset","CC0-1.0"
"18","Arabic","regional_proxy","LB","","2015","1","female","Marie","Marie","","","popular-names-by-country-dataset","CC0-1.0"
"18","Arabic","regional_proxy","LB","","2015","1","male","Elie","Elie","","","popular-names-by-country-dataset","CC0-1.0"
"18","Arabic","regional_proxy","LB","","2015","2","female","Fatima","Fatima","","","popular-names-by-country-dataset","CC0-1.0"
"18","Arabic","regional_proxy","LB","","2015","2","male","Mohammad","Mohammad","","","popular-names-by-country-dataset","CC0-1.0"
"18","Arabic","regional_proxy","LB","","2015","3","female","Jessica","Jessica","","","popular-names-by-country-dataset","CC0-1.0"
"18","Arabic","regional_proxy","LB","","2015","3","male","Charbel","Charbel","","","popular-names-by-country-dataset","CC0-1.0"
"18","Arabic","regional_proxy","LB","","2015","4","female","Zeinab","Zeinab","","","popular-names-by-country-dataset","CC0-1.0"
"18","Arabic","regional_proxy","LB","","2015","4","male","Ali","Ali","","","popular-names-by-country-dataset","CC0-1.0"
"18","Arabic","regional_proxy","LB","","2015","5","female","Mariam","Mariam","","","popular-names-by-country-dataset","CC0-1.0"
"18","Arabic","regional_proxy","LB","","2015","5","male","Hassan","Hassan","","","popular-names-by-country-dataset","CC0-1.0"
"18","Arabic","regional_proxy","LB","","2015","6","female","Sarah","Sarah","","","popular-names-by-country-dataset","CC0-1.0"
"18","Arabic","regional_proxy","LB","","2015","6","male","Hussein","Hussein","","","popular-names-by-country-dataset","CC0-1.0"
"18","Arabic","regional_proxy","LB","","2015","7","female","Maya","Maya","","","popular-names-by-country-dataset","CC0-1.0"
"18","Arabic","regional_proxy","LB","","2015","7","male","George","George","","","popular-names-by-country-dataset","CC0-1.0"
"18","Arabic","regional_proxy","LB","","2015","8","female","Layla","Layla","","","popular-names-by-country-dataset","CC0-1.0"
"18","Arabic","regional_proxy","LB","","2015","8","male","Ahmad","Ahmad","","","popular-names-by-country-dataset","CC0-1.0"
"18","Arabic","regional_proxy","LB","","2015","9","female","Christina","Christina","","","popular-names-by-country-dataset","CC0-1.0"
"18","Arabic","regional_proxy","LB","","2015","9","male","Christian","Christian","","","popular-names-by-country-dataset","CC0-1.0"
"18","Arabic","regional_proxy","LB","","2015","10","female","Amal","Amal","","","popular-names-by-country-dataset","CC0-1.0"
"18","Arabic","regional_proxy","LB","","2015","10","male","Joe","Joe","","","popular-names-by-country-dataset","CC0-1.0"
"18","Arabic","regional_proxy","LY","","","1","female","Aya","Aya","","","popular-names-by-country-dataset","CC0-1.0"
"18","Arabic","regional_proxy","LY","","","1","male","Mohammed","Mohammed","","","popular-names-by-country-dataset","CC0-1.0"
"18","Arabic","regional_proxy","LY","","","2","female","Rania","Rania","","","popular-names-by-country-dataset","CC0-1.0"
"18","Arabic","regional_proxy","LY","","","2","male","Ahmed","Ahmed","","","popular-names-by-country-dataset","CC0-1.0"
"18","Arabic","regional_proxy","LY","","","3","female","Sarah","Sarah","","","popular-names-by-country-dataset","CC0-1.0"
"18","Arabic","regional_proxy","LY","","","3","male","Ali","Ali","","","popular-names-by-country-dataset","CC0-1.0"
"18","Arabic","regional_proxy","LY","","","4","female","Reem","Reem","","","popular-names-by-country-dataset","CC0-1.0"
"18","Arabic","regional_proxy","LY","","","4","male","Hamza","Hamza","","","popular-names-by-country-dataset","CC0-1.0"
"18","Arabic","regional_proxy","LY","","","5","female","Hoda","Hoda","","","popular-names-by-country-dataset","CC0-1.0"
"18","Arabic","regional_proxy","LY","","","5","male","Ibrahim","Ibrahim","","","popular-names-by-country-dataset","CC0-1.0"
"18","Arabic","regional_proxy","LY","","","6","female","Marwa","Marwa","","","popular-names-by-country-dataset","CC0-1.0"
"18","Arabic","regional_proxy","LY","","","6","male","Mahmoud","Mahmoud","","","popular-names-by-country-dataset","CC0-1.0"
"18","Arabic","regional_proxy","LY","","","7","female","Mona","Mona","","","popular-names-by-country-dataset","CC0-1.0"
"18","Arabic","regional_proxy","LY","","","7","male","Abdallah","Abdallah","","","popular-names-by-country-dataset","CC0-1.0"
"18","Arabic","regional_proxy","LY","","","8","female","Fatima","Fatima","","","popular-names-by-country-dataset","CC0-1.0"
"18","Arabic","regional_proxy","LY","","","8","male","Tareq","Tareq","","","popular-names-by-country-dataset","CC0-1.0"
"18","Arabic","regional_proxy","LY","","","9","female","Eisha","Eisha","","","popular-names-by-country-dataset","CC0-1.0"
"18","Arabic","regional_proxy","LY","","","9","male","Hassan","Hassan","","","popular-names-by-country-dataset","CC0-1.0"
"18","Arabic","regional_proxy","LY","","","10","female","Nesreen","Nesreen","","","popular-names-by-country-dataset","CC0-1.0"
"18","Arabic","regional_proxy","LY","","","10","male","Khaled","Khaled","","","popular-names-by-country-dataset","CC0-1.0"
"18","Arabic","regional_proxy","SA","","","1","female","Sara","Sara","","","popular-names-by-country-dataset","CC0-1.0"
"18","Arabic","regional_proxy","SA","","","1","male","Mohammad","Mohammad","","","popular-names-by-country-dataset","CC0-1.0"
"18","Arabic","regional_proxy","SA","","","2","female","Latifa","Latifa","","","popular-names-by-country-dataset","CC0-1.0"
"18","Arabic","regional_proxy","SA","","","2","male","Fahd","Fahd","","","popular-names-by-country-dataset","CC0-1.0"
"18","Arabic","regional_proxy","SA","","","3","female","Nora","Nora","","","popular-names-by-country-dataset","CC0-1.0"
"18","Arabic","regional_proxy","SA","","","3","male","Abdullah","Abdullah","","","popular-names-by-country-dataset","CC0-1.0"
"18","Arabic","regional_proxy","SA","","","4","female","Hessa","Hessa","","","popular-names-by-country-dataset","CC0-1.0"
"18","Arabic","regional_proxy","SA","","","4","male","Abdulrahman","Abdulrahman","","","popular-names-by-country-dataset","CC0-1.0"
"18","Arabic","regional_proxy","SA","","","5","female","Maysoun","Maysoun","","","popular-names-by-country-dataset","CC0-1.0"
"18","Arabic","regional_proxy","SA","","","5","male","Turki","Turki","","","popular-names-by-country-dataset","CC0-1.0"
"18","Arabic","regional_proxy","SA","","","6","female","Maha","Maha","","","popular-names-by-country-dataset","CC0-1.0"
"18","Arabic","regional_proxy","SA","","","6","male","Bandar","Bandar","","","popular-names-by-country-dataset","CC0-1.0"
"18","Arabic","regional_proxy","SA","","","7","female","Nouf","Nouf","","","popular-names-by-country-dataset","CC0-1.0"
"18","Arabic","regional_proxy","SA","","","7","male","Omar","Omar","","","popular-names-by-country-dataset","CC0-1.0"
"18","Arabic","regional_proxy","SA","","","8","female","Noor","Noor","","","popular-names-by-country-dataset","CC0-1.0"
"18","Arabic","regional_proxy","SA","","","8","male","Ali","Ali","","","popular-names-by-country-dataset","CC0-1.0"
"18","Arabic","regional_proxy","SA","","","9","female","Reema","Reema","","","popular-names-by-country-dataset","CC0-1.0"
"18","Arabic","regional_proxy","SA","","","10","female","Alanoud","Alanoud","","","popular-names-by-country-dataset","CC0-1.0"
"18","Arabic","regional_proxy","TN","","2005","1","female","Mariam","Mariam","","","popular-names-by-country-dataset","CC0-1.0"
"18","Arabic","regional_proxy","TN","","2005","1","male","Mehdi","Mehdi","","","popular-names-by-country-dataset","CC0-1.0"
"18","Arabic","regional_proxy","TN","","2005","2","female","Shayma","Shayma","","","popular-names-by-country-dataset","CC0-1.0"
"18","Arabic","regional_proxy","TN","","2005","2","male","Youssef","Youssef","","","popular-names-by-country-dataset","CC0-1.0"
"18","Arabic","regional_proxy","TN","","2005","3","female","Khawla","Khawla","","","popular-names-by-country-dataset","CC0-1.0"
"18","Arabic","regional_proxy","TN","","2005","3","male","Aziz","Aziz","","","popular-names-by-country-dataset","CC0-1.0"
"18","Arabic","regional_proxy","TN","","2005","4","male","Karim","Karim","","","popular-names-by-country-dataset","CC0-1.0"
"19","Inuit","direct_country","GL","","2012","1","female","Ivaana","Ivaana","","","popular-names-by-country-dataset","CC0-1.0"
"19","Inuit","direct_country","GL","","2012","1","male","Inuk","Inuk","","","popular-names-by-country-dataset","CC0-1.0"
"19","Inuit","direct_country","GL","","2012","2","female","Nivi","Nivi","","","popular-names-by-country-dataset","CC0-1.0"
"19","Inuit","direct_country","GL","","2012","2","male","Malik","Malik","","","popular-names-by-country-dataset","CC0-1.0"
"19","Inuit","direct_country","GL","","2012","3","female","Uiloq","Uiloq","","","popular-names-by-country-dataset","CC0-1.0"
"19","Inuit","direct_country","GL","","2012","3","male","Minik","Minik","","","popular-names-by-country-dataset","CC0-1.0"
"19","Inuit","direct_country","GL","","2012","4","female","Niviaq","Niviaq","","","popular-names-by-country-dataset","CC0-1.0"
"19","Inuit","direct_country","GL","","2012","4","male","Inunnguag","Inunnguag","","","popular-names-by-country-dataset","CC0-1.0"
"19","Inuit","direct_country","GL","","2012","5","female","Isabella","Isabella","","","popular-names-by-country-dataset","CC0-1.0"
"19","Inuit","direct_country","GL","","2012","5","male","Liam","Liam","","","popular-names-by-country-dataset","CC0-1.0"
"19","Inuit","direct_country","GL","","2012","6","female","Ivalu","Ivalu","","","popular-names-by-country-dataset","CC0-1.0"
"19","Inuit","direct_country","GL","","2012","6","male","Ulloriaq","Ulloriaq","","","popular-names-by-country-dataset","CC0-1.0"
"19","Inuit","direct_country","GL","","2012","7","female","Pipaluk","Pipaluk","","","popular-names-by-country-dataset","CC0-1.0"
"19","Inuit","direct_country","GL","","2012","7","male","Norsaq","Norsaq","","","popular-names-by-country-dataset","CC0-1.0"
"19","Inuit","direct_country","GL","","2012","8","female","Malu","Malu","","","popular-names-by-country-dataset","CC0-1.0"
"19","Inuit","direct_country","GL","","2012","8","male","Aputsiaq","Aputsiaq","","","popular-names-by-country-dataset","CC0-1.0"
"19","Inuit","direct_country","GL","","2012","9","female","Paninnguaq","Paninnguaq","","","popular-names-by-country-dataset","CC0-1.0"
"19","Inuit","direct_country","GL","","2012","9","male","Ivik","Ivik","","","popular-names-by-country-dataset","CC0-1.0"
"19","Inuit","direct_country","GL","","2012","10","female","Aviana","Aviana","","","popular-names-by-country-dataset","CC0-1.0"
"19","Inuit","direct_country","GL","","2012","10","male","Miki","Miki","","","popular-names-by-country-dataset","CC0-1.0"
"19","Inuit","direct_country","GL","","2012","11","female","Maya","Maya","","","popular-names-by-country-dataset","CC0-1.0"
"19","Inuit","direct_country","GL","","2012","11","male","Maligiaq","Maligiaq","","","popular-names-by-country-dataset","CC0-1.0"
"19","Inuit","direct_country","GL","","2012","12","female","Paneeraq","Paneeraq","","","popular-names-by-country-dataset","CC0-1.0"
"19","Inuit","direct_country","GL","","2012","12","male","Noah","Noah","","","popular-names-by-country-dataset","CC0-1.0"
"19","Inuit","direct_country","GL","","2012","13","male","Qillaq","Qillaq","","","popular-names-by-country-dataset","CC0-1.0"
"19","Inuit","direct_country","GL","","2012","14","male","Inutsiaq","Inutsiaq","","","popular-names-by-country-dataset","CC0-1.0"
"19","Inuit","direct_country","GL","","2012","15","male","Nuka","Nuka","","","popular-names-by-country-dataset","CC0-1.0"
"19","Inuit","direct_country","GL","","2012","16","male","Salik","Salik","","","popular-names-by-country-dataset","CC0-1.0"
"20","Basque","country_proxy","ES","Basque Country","2021","1","female","Ane","Ane","","","popular-names-by-country-dataset","CC0-1.0"
"20","Basque","country_proxy","ES","Basque Country","2021","1","male","Markel","Markel","","","popular-names-by-country-dataset","CC0-1.0"
"20","Basque","country_proxy","ES","Catalonia","2021","1","female","Júlia","Júlia","","","popular-names-by-country-dataset","CC0-1.0"
"20","Basque","country_proxy","ES","Catalonia","2021","1","male","Marc","Marc","","","popular-names-by-country-dataset","CC0-1.0"
"20","Basque","country_proxy","ES","Excluding Basque Country & Catalonia","2021","1","female","Lucía","Lucía","","","popular-names-by-country-dataset","CC0-1.0"
"20","Basque","country_proxy","ES","Excluding Basque Country & Catalonia","2021","1","male","Martín","Martín","","","popular-names-by-country-dataset","CC0-1.0"
"20","Basque","country_proxy","ES","Basque Country","2021","2","female","Laia","Laia","","","popular-names-by-country-dataset","CC0-1.0"
"20","Basque","country_proxy","ES","Basque Country","2021","2","male","Martín","Martín","","","popular-names-by-country-dataset","CC0-1.0"
"20","Basque","country_proxy","ES","Catalonia","2021","2","female","Martina","Martina","","","popular-names-by-country-dataset","CC0-1.0"
"20","Basque","country_proxy","ES","Catalonia","2021","2","male","Nil","Nil","","","popular-names-by-country-dataset","CC0-1.0"
"20","Basque","country_proxy","ES","Excluding Basque Country & Catalonia","2021","2","female","Martina","Martina","","","popular-names-by-country-dataset","CC0-1.0"
"20","Basque","country_proxy","ES","Excluding Basque Country & Catalonia","2021","2","male","Hugo","Hugo","","","popular-names-by-country-dataset","CC0-1.0"
"20","Basque","country_proxy","ES","Basque Country","2021","3","female","June","June","","","popular-names-by-country-dataset","CC0-1.0"
"20","Basque","country_proxy","ES","Basque Country","2021","3","male","Julen","Julen","","","popular-names-by-country-dataset","CC0-1.0"
"20","Basque","country_proxy","ES","Catalonia","2021","3","female","Mia","Mia","","","popular-names-by-country-dataset","CC0-1.0"
"20","Basque","country_proxy","ES","Catalonia","2021","3","male","Pol","Pol","","","popular-names-by-country-dataset","CC0-1.0"
"20","Basque","country_proxy","ES","Excluding Basque Country & Catalonia","2021","3","female","Sofía","Sofía","","","popular-names-by-country-dataset","CC0-1.0"
"20","Basque","country_proxy","ES","Excluding Basque Country & Catalonia","2021","3","male","Mateo","Mateo","","","popular-names-by-country-dataset","CC0-1.0"
"20","Basque","country_proxy","ES","Basque Country","2021","4","female","Nahia","Nahia","","","popular-names-by-country-dataset","CC0-1.0"
"20","Basque","country_proxy","ES","Basque Country","2021","4","male","Oihan","Oihan","","","popular-names-by-country-dataset","CC0-1.0"
"20","Basque","country_proxy","ES","Catalonia","2021","4","female","Emma","Emma","","","popular-names-by-country-dataset","CC0-1.0"
"20","Basque","country_proxy","ES","Catalonia","2021","4","male","Jan","Jan","","","popular-names-by-country-dataset","CC0-1.0"
"20","Basque","country_proxy","ES","Excluding Basque Country & Catalonia","2021","4","female","María","María","","","popular-names-by-country-dataset","CC0-1.0"
"20","Basque","country_proxy","ES","Excluding Basque Country & Catalonia","2021","4","male","Leo","Leo","","","popular-names-by-country-dataset","CC0-1.0"
"20","Basque","country_proxy","ES","Basque Country","2021","5","female","Maddi","Maddi","","","popular-names-by-country-dataset","CC0-1.0"
"20","Basque","country_proxy","ES","Basque Country","2021","5","male","Jon","Jon","","","popular-names-by-country-dataset","CC0-1.0"
"20","Basque","country_proxy","ES","Catalonia","2021","5","female","Lucía","Lucía","","","popular-names-by-country-dataset","CC0-1.0"
"20","Basque","country_proxy","ES","Catalonia","2021","5","male","Leo","Leo","","","popular-names-by-country-dataset","CC0-1.0"
"20","Basque","country_proxy","ES","Excluding Basque Country & Catalonia","2021","5","female","Valeria","Valeria","","","popular-names-by-country-dataset","CC0-1.0"
"20","Basque","country_proxy","ES","Excluding Basque Country & Catalonia","2021","5","male","Lucas","Lucas","","","popular-names-by-country-dataset","CC0-1.0"
"20","Basque","country_proxy","ES","Basque Country","2021","6","female","Malen","Malen","","","popular-names-by-country-dataset","CC0-1.0"
"20","Basque","country_proxy","ES","Basque Country","2021","6","male","Aiur","Aiur","","","popular-names-by-country-dataset","CC0-1.0"
"20","Basque","country_proxy","ES","Catalonia","2021","6","female","Sofía","Sofía","","","popular-names-by-country-dataset","CC0-1.0"
"20","Basque","country_proxy","ES","Catalonia","2021","6","male","Pau","Pau","","","popular-names-by-country-dataset","CC0-1.0"
"20","Basque","country_proxy","ES","Excluding Basque Country & Catalonia","2021","6","female","Julia","Julia","","","popular-names-by-country-dataset","CC0-1.0"
"20","Basque","country_proxy","ES","Excluding Basque Country & Catalonia","2021","6","male","Manuel","Manuel","","","popular-names-by-country-dataset","CC0-1.0"
"20","Basque","country_proxy","ES","Basque Country","2021","7","female","Nora","Nora","","","popular-names-by-country-dataset","CC0-1.0"
"20","Basque","country_proxy","ES","Basque Country","2021","7","male","Aimar","Aimar","","","popular-names-by-country-dataset","CC0-1.0"
"20","Basque","country_proxy","ES","Catalonia","2021","7","female","Ona","Ona","","","popular-names-by-country-dataset","CC0-1.0"
"20","Basque","country_proxy","ES","Catalonia","2021","7","male","Àlex","Àlex","","","popular-names-by-country-dataset","CC0-1.0"
"20","Basque","country_proxy","ES","Excluding Basque Country & Catalonia","2021","7","female","Paula","Paula","","","popular-names-by-country-dataset","CC0-1.0"
"20","Basque","country_proxy","ES","Excluding Basque Country & Catalonia","2021","7","male","Daniel","Daniel","","","popular-names-by-country-dataset","CC0-1.0"
"20","Basque","country_proxy","ES","Basque Country","2021","8","female","Irati","Irati","","","popular-names-by-country-dataset","CC0-1.0"
"20","Basque","country_proxy","ES","Basque Country","2021","8","male","Ibai","Ibai","","","popular-names-by-country-dataset","CC0-1.0"
"20","Basque","country_proxy","ES","Catalonia","2021","8","female","María","María","","","popular-names-by-country-dataset","CC0-1.0"
"20","Basque","country_proxy","ES","Catalonia","2021","8","male","Marti","Marti","","","popular-names-by-country-dataset","CC0-1.0"
"20","Basque","country_proxy","ES","Excluding Basque Country & Catalonia","2021","8","female","Emma","Emma","","","popular-names-by-country-dataset","CC0-1.0"
"20","Basque","country_proxy","ES","Excluding Basque Country & Catalonia","2021","8","male","Alejandro","Alejandro","","","popular-names-by-country-dataset","CC0-1.0"
"20","Basque","country_proxy","ES","Basque Country","2021","9","female","Izaro","Izaro","","","popular-names-by-country-dataset","CC0-1.0"
"20","Basque","country_proxy","ES","Basque Country","2021","9","male","Luka","Luka","","","popular-names-by-country-dataset","CC0-1.0"
"20","Basque","country_proxy","ES","Catalonia","2021","9","female","Laia","Laia","","","popular-names-by-country-dataset","CC0-1.0"
"20","Basque","country_proxy","ES","Catalonia","2021","9","male","Biel","Biel","","","popular-names-by-country-dataset","CC0-1.0"
"20","Basque","country_proxy","ES","Excluding Basque Country & Catalonia","2021","9","female","Daniela","Daniela","","","popular-names-by-country-dataset","CC0-1.0"
"20","Basque","country_proxy","ES","Excluding Basque Country & Catalonia","2021","9","male","Pablo","Pablo","","","popular-names-by-country-dataset","CC0-1.0"
"20","Basque","country_proxy","ES","Basque Country","2021","10","female","Sara","Sara","","","popular-names-by-country-dataset","CC0-1.0"
"20","Basque","country_proxy","ES","Basque Country","2021","10","male","Danel","Danel","","","popular-names-by-country-dataset","CC0-1.0"
"20","Basque","country_proxy","ES","Catalonia","2021","10","female","Paula","Paula","","","popular-names-by-country-dataset","CC0-1.0"
"20","Basque","country_proxy","ES","Catalonia","2021","10","male","Hugo","Hugo","","","popular-names-by-country-dataset","CC0-1.0"
"20","Basque","country_proxy","ES","Excluding Basque Country & Catalonia","2021","10","female","Carla","Carla","","","popular-names-by-country-dataset","CC0-1.0"
"20","Basque","country_proxy","ES","Excluding Basque Country & Catalonia","2021","10","male","Álvaro","Álvaro","","","popular-names-by-country-dataset","CC0-1.0"
"22","Celtic","country_proxy","IE","","2022","1","female","Emily","Emily","","","popular-names-by-country-dataset","CC0-1.0"
"22","Celtic","country_proxy","IE","","2022","1","male","Jack","Jack","","","popular-names-by-country-dataset","CC0-1.0"
"22","Celtic","country_proxy","IE","","2022","2","female","Grace","Grace","","","popular-names-by-country-dataset","CC0-1.0"
"22","Celtic","country_proxy","IE","","2022","2","male","Noah","Noah","","","popular-names-by-country-dataset","CC0-1.0"
"22","Celtic","country_proxy","IE","","2022","3","female","Fiadh","Fiadh","","","popular-names-by-country-dataset","CC0-1.0"
"22","Celtic","country_proxy","IE","","2022","3","male","James","James","","","popular-names-by-country-dataset","CC0-1.0"
"22","Celtic","country_proxy","IE","","2022","4","female","Sophie","Sophie","","","popular-names-by-country-dataset","CC0-1.0"
"22","Celtic","country_proxy","IE","","2022","4","male","Rían","Rían","","","popular-names-by-country-dataset","CC0-1.0"
"22","Celtic","country_proxy","IE","","2022","5","female","Lily","Lily","","","popular-names-by-country-dataset","CC0-1.0"
"22","Celtic","country_proxy","IE","","2022","5","male","Charlie","Charlie","","","popular-names-by-country-dataset","CC0-1.0"
"22","Celtic","country_proxy","IE","","2022","6","female","Éabha","Éabha","","","popular-names-by-country-dataset","CC0-1.0"
"22","Celtic","country_proxy","IE","","2022","6","male","Oisín","Oisín","","","popular-names-by-country-dataset","CC0-1.0"
"22","Celtic","country_proxy","IE","","2022","7","female","Ava","Ava","","","popular-names-by-country-dataset","CC0-1.0"
"22","Celtic","country_proxy","IE","","2022","7","male","Tadhg","Tadhg","","","popular-names-by-country-dataset","CC0-1.0"
"22","Celtic","country_proxy","IE","","2022","8","female","Mia","Mia","","","popular-names-by-country-dataset","CC0-1.0"
"22","Celtic","country_proxy","IE","","2022","8","male","Liam","Liam","","","popular-names-by-country-dataset","CC0-1.0"
"22","Celtic","country_proxy","IE","","2022","9","female","Ellie","Ellie","","","popular-names-by-country-dataset","CC0-1.0"
"22","Celtic","country_proxy","IE","","2022","9","male","Cillian","Cillian","","","popular-names-by-country-dataset","CC0-1.0"
"22","Celtic","country_proxy","IE","","2022","10","female","Olivia","Olivia","","","popular-names-by-country-dataset","CC0-1.0"
"22","Celtic","country_proxy","IE","","2022","10","male","Daniel","Daniel","","","popular-names-by-country-dataset","CC0-1.0"
"23","Mesopotamian","country_proxy","IQ","","2007","1","male","Ali","Ali","","","popular-names-by-country-dataset","CC0-1.0"
"23","Mesopotamian","country_proxy","IQ","","2007","2","male","Muhammed","Muhammed","","","popular-names-by-country-dataset","CC0-1.0"
"23","Mesopotamian","country_proxy","IQ","","2007","3","male","Hussein","Hussein","","","popular-names-by-country-dataset","CC0-1.0"
"23","Mesopotamian","country_proxy","IQ","","2007","4","male","Hydar","Hydar","","","popular-names-by-country-dataset","CC0-1.0"
"23","Mesopotamian","country_proxy","IQ","","2007","5","male","Ahmed","Ahmed","","","popular-names-by-country-dataset","CC0-1.0"
"23","Mesopotamian","country_proxy","IQ","","2007","6","male","Omar","Omar","","","popular-names-by-country-dataset","CC0-1.0"
"23","Mesopotamian","country_proxy","IQ","","2007","7","male","Hasan","Hasan","","","popular-names-by-country-dataset","CC0-1.0"
"23","Mesopotamian","country_proxy","IQ","","2007","8","male","Kathem","Kathem","","","popular-names-by-country-dataset","CC0-1.0"
"23","Mesopotamian","country_proxy","IQ","","2007","9","male","Abdullah","Abdullah","","","popular-names-by-country-dataset","CC0-1.0"
"23","Mesopotamian","country_proxy","IQ","","2007","10","male","Ammar","Ammar","","","popular-names-by-country-dataset","CC0-1.0"
"24","Iranian","direct_country","IR","","2019","1","female","Fatemeh","Fatemeh","","","popular-names-by-country-dataset","CC0-1.0"
"24","Iranian","direct_country","IR","","2019","1","male","Amir-Ali","Amir-Ali","","","popular-names-by-country-dataset","CC0-1.0"
"24","Iranian","direct_country","IR","","","1","female","Fatemeh","Fatemeh","General population","","popular-names-by-country-dataset","CC0-1.0"
"24","Iranian","direct_country","IR","","","1","male","Mohammad","Mohammad","General population","","popular-names-by-country-dataset","CC0-1.0"
"24","Iranian","direct_country","IR","","2019","2","female","Zahra","Zahra","","","popular-names-by-country-dataset","CC0-1.0"
"24","Iranian","direct_country","IR","","2019","2","male","Mohammad","Mohammad","","","popular-names-by-country-dataset","CC0-1.0"
"24","Iranian","direct_country","IR","","","2","female","Zahra","Zahra","General population","","popular-names-by-country-dataset","CC0-1.0"
"24","Iranian","direct_country","IR","","","2","male","Ali","Ali","General population","","popular-names-by-country-dataset","CC0-1.0"
"24","Iranian","direct_country","IR","","2019","3","female","Helma","Helma","","","popular-names-by-country-dataset","CC0-1.0"
"24","Iranian","direct_country","IR","","2019","3","male","Ali","Ali","","","popular-names-by-country-dataset","CC0-1.0"
"24","Iranian","direct_country","IR","","","3","female","Maryam","Maryam","General population","","popular-names-by-country-dataset","CC0-1.0"
"24","Iranian","direct_country","IR","","","3","male","Hossein","Hossein","General population","","popular-names-by-country-dataset","CC0-1.0"
"24","Iranian","direct_country","IR","","2019","4","female","Zeinab","Zeinab","","","popular-names-by-country-dataset","CC0-1.0"
"24","Iranian","direct_country","IR","","2019","4","male","Amir-Hossein","Amir-Hossein","","","popular-names-by-country-dataset","CC0-1.0"
"24","Iranian","direct_country","IR","","","4","female","Ma'soumeh","Ma'soumeh","General population","","popular-names-by-country-dataset","CC0-1.0"
"24","Iranian","direct_country","IR","","","4","male","Mahdi","Mahdi","General population","","popular-names-by-country-dataset","CC0-1.0"
"24","Iranian","direct_country","IR","","2019","5","female","Yasna","Yasna","","","popular-names-by-country-dataset","CC0-1.0"
"24","Iranian","direct_country","IR","","2019","5","male","Hossein","Hossein","","","popular-names-by-country-dataset","CC0-1.0"
"24","Iranian","direct_country","IR","","","5","female","Sakineh","Sakineh","General population","","popular-names-by-country-dataset","CC0-1.0"
"24","Iranian","direct_country","IR","","","5","male","Hassan","Hassan","General population","","popular-names-by-country-dataset","CC0-1.0"
"24","Iranian","direct_country","IR","","2019","6","female","Ava","Ava","","","popular-names-by-country-dataset","CC0-1.0"
"24","Iranian","direct_country","IR","","2019","6","male","AbulFazl","AbulFazl","","","popular-names-by-country-dataset","CC0-1.0"
"24","Iranian","direct_country","IR","","","6","female","Zeinab","Zeinab","General population","","popular-names-by-country-dataset","CC0-1.0"
"24","Iranian","direct_country","IR","","","6","male","Reza","Reza","General population","","popular-names-by-country-dataset","CC0-1.0"
"24","Iranian","direct_country","IR","","2019","7","female","Mersana","Mersana","","","popular-names-by-country-dataset","CC0-1.0"
"24","Iranian","direct_country","IR","","2019","7","male","Amir-Abbas","Amir-Abbas","","","popular-names-by-country-dataset","CC0-1.0"
"24","Iranian","direct_country","IR","","","7","female","Roghayyeh","Roghayyeh","General population","","popular-names-by-country-dataset","CC0-1.0"
"24","Iranian","direct_country","IR","","","7","male","Ahmad","Ahmad","General population","","popular-names-by-country-dataset","CC0-1.0"
"24","Iranian","direct_country","IR","","2019","8","female","Nazanin-Zahra","Nazanin-Zahra","","","popular-names-by-country-dataset","CC0-1.0"
"24","Iranian","direct_country","IR","","2019","8","male","Samyar","Samyar","","","popular-names-by-country-dataset","CC0-1.0"
"24","Iranian","direct_country","IR","","","8","female","Khadije","Khadije","General population","","popular-names-by-country-dataset","CC0-1.0"
"24","Iranian","direct_country","IR","","","8","male","Mohammad-Reza","Mohammad-Reza","General population","","popular-names-by-country-dataset","CC0-1.0"
"24","Iranian","direct_country","IR","","2019","9","female","Baran","Baran","","","popular-names-by-country-dataset","CC0-1.0"
"24","Iranian","direct_country","IR","","2019","9","male","Mohammad-Taha","Mohammad-Taha","","","popular-names-by-country-dataset","CC0-1.0"
"24","Iranian","direct_country","IR","","","9","female","Leyla","Leyla","General population","","popular-names-by-country-dataset","CC0-1.0"
"24","Iranian","direct_country","IR","","","9","male","Abbas","Abbas","General population","","popular-names-by-country-dataset","CC0-1.0"
"24","Iranian","direct_country","IR","","2019","10","female","Fatemeh-Zahra","Fatemeh-Zahra","","","popular-names-by-country-dataset","CC0-1.0"
"24","Iranian","direct_country","IR","","2019","10","male","Aria","Aria","","","popular-names-by-country-dataset","CC0-1.0"
"24","Iranian","direct_country","IR","","","10","female","Somayyeh","Somayyeh","General population","","popular-names-by-country-dataset","CC0-1.0"
"24","Iranian","direct_country","IR","","","10","male","Ali-Reza","Ali-Reza","General population","","popular-names-by-country-dataset","CC0-1.0"
"26","Karnataka","country_proxy","IN","","2021","1","female","Aditi","Aditi","","BabyCenter","popular-names-by-country-dataset","CC0-1.0"
"26","Karnataka","country_proxy","IN","","2022","1","male","Muhammad","Muhammad","","BabyCenter","popular-names-by-country-dataset","CC0-1.0"
"26","Karnataka","country_proxy","IN","","2021","2","female","Inaya","Inaya","","BabyCenter","popular-names-by-country-dataset","CC0-1.0"
"26","Karnataka","country_proxy","IN","","2022","2","male","Shivansh","Shivansh","","BabyCenter","popular-names-by-country-dataset","CC0-1.0"
"26","Karnataka","country_proxy","IN","","2021","3","female","Aarya","Aarya","","BabyCenter","popular-names-by-country-dataset","CC0-1.0"
"26","Karnataka","country_proxy","IN","","2022","3","male","Dhruv","Dhruv","","BabyCenter","popular-names-by-country-dataset","CC0-1.0"
"26","Karnataka","country_proxy","IN","","2021","4","female","Kiara","Kiara","","BabyCenter","popular-names-by-country-dataset","CC0-1.0"
"26","Karnataka","country_proxy","IN","","2022","4","male","Kabir","Kabir","","BabyCenter","popular-names-by-country-dataset","CC0-1.0"
"26","Karnataka","country_proxy","IN","","2021","5","female","Aadhya","Aadhya","","BabyCenter","popular-names-by-country-dataset","CC0-1.0"
"26","Karnataka","country_proxy","IN","","2022","5","male","Vedant","Vedant","","BabyCenter","popular-names-by-country-dataset","CC0-1.0"
"26","Karnataka","country_proxy","IN","","2021","6","female","Vamika","Vamika","","BabyCenter","popular-names-by-country-dataset","CC0-1.0"
"26","Karnataka","country_proxy","IN","","2022","6","male","Kiaan","Kiaan","","BabyCenter","popular-names-by-country-dataset","CC0-1.0"
"26","Karnataka","country_proxy","IN","","2021","7","female","Pari","Pari","","BabyCenter","popular-names-by-country-dataset","CC0-1.0"
"26","Karnataka","country_proxy","IN","","2022","7","male","Aarav","Aarav","","BabyCenter","popular-names-by-country-dataset","CC0-1.0"
"26","Karnataka","country_proxy","IN","","2021","8","female","Jiya","Jiya","","BabyCenter","popular-names-by-country-dataset","CC0-1.0"
"26","Karnataka","country_proxy","IN","","2022","8","male","Arjun","Arjun","","BabyCenter","popular-names-by-country-dataset","CC0-1.0"
"26","Karnataka","country_proxy","IN","","2021","9","female","Mehar","Mehar","","BabyCenter","popular-names-by-country-dataset","CC0-1.0"
"26","Karnataka","country_proxy","IN","","2022","9","male","Viraj","Viraj","","BabyCenter","popular-names-by-country-dataset","CC0-1.0"
"26","Karnataka","country_proxy","IN","","2021","10","female","Amayra","Amayra","","BabyCenter","popular-names-by-country-dataset","CC0-1.0"
"26","Karnataka","country_proxy","IN","","2022","10","male","Krishna","Krishna","","BabyCenter","popular-names-by-country-dataset","CC0-1.0"
"27","Quechua","country_proxy","BO","","2015","1","female","Martha","Martha","","","popular-names-by-country-dataset","CC0-1.0"
"27","Quechua","country_proxy","BO","","2015","1","male","Juan Carlos","Juan Carlos","","","popular-names-by-country-dataset","CC0-1.0"
"27","Quechua","country_proxy","BO","","2015","2","female","Roxana","Roxana","","","popular-names-by-country-dataset","CC0-1.0"
"27","Quechua","country_proxy","BO","","2015","2","male","José Luis","José Luis","","","popular-names-by-country-dataset","CC0-1.0"
"27","Quechua","country_proxy","BO","","2015","3","female","Ana Maria","Ana Maria","","","popular-names-by-country-dataset","CC0-1.0"
"27","Quechua","country_proxy","BO","","2015","3","male","Marco Antonio","Marco Antonio","","","popular-names-by-country-dataset","CC0-1.0"
"27","Quechua","country_proxy","BO","","2015","4","female","Elizabeth","Elizabeth","","","popular-names-by-country-dataset","CC0-1.0"
"27","Quechua","country_proxy","BO","","2015","4","male","Miguel Ángel","Miguel Ángel","","","popular-names-by-country-dataset","CC0-1.0"
"27","Quechua","country_proxy","BO","","2015","5","female","Sonia","Sonia","","","popular-names-by-country-dataset","CC0-1.0"
"27","Quechua","country_proxy","BO","","2015","5","male","Juan","Juan","","","popular-names-by-country-dataset","CC0-1.0"
"27","Quechua","country_proxy","BO","","2015","6","female","Juana","Juana","","","popular-names-by-country-dataset","CC0-1.0"
"27","Quechua","country_proxy","BO","","2015","6","male","Mario","Mario","","","popular-names-by-country-dataset","CC0-1.0"
"27","Quechua","country_proxy","BO","","2015","7","female","Patricia","Patricia","","","popular-names-by-country-dataset","CC0-1.0"
"27","Quechua","country_proxy","BO","","2015","7","male","David","David","","","popular-names-by-country-dataset","CC0-1.0"
"27","Quechua","country_proxy","BO","","2015","8","female","Lidia","Lidia","","","popular-names-by-country-dataset","CC0-1.0"
"27","Quechua","country_proxy","BO","","2015","8","male","Ferndo","Ferndo","","","popular-names-by-country-dataset","CC0-1.0"
"27","Quechua","country_proxy","BO","","2015","9","female","Rosmery","Rosmery","","","popular-names-by-country-dataset","CC0-1.0"
"27","Quechua","country_proxy","BO","","2015","9","male","Victor Hugo","Victor Hugo","","","popular-names-by-country-dataset","CC0-1.0"
"27","Quechua","country_proxy","BO","","2015","10","female","Carmen","Carmen","","","popular-names-by-country-dataset","CC0-1.0"
"27","Quechua","country_proxy","BO","","2015","10","male","Jorge","Jorge","","","popular-names-by-country-dataset","CC0-1.0"
"27","Quechua","country_proxy","EC","","2020","1","female","Mía","Mía","","","popular-names-by-country-dataset","CC0-1.0"
"27","Quechua","country_proxy","EC","","2020","1","male","Liam","Liam","","","popular-names-by-country-dataset","CC0-1.0"
"27","Quechua","country_proxy","EC","","2020","2","female","Danna","Danna","","","popular-names-by-country-dataset","CC0-1.0"
"27","Quechua","country_proxy","EC","","2020","2","male","Thiago","Thiago","","","popular-names-by-country-dataset","CC0-1.0"
"27","Quechua","country_proxy","EC","","2020","3","female","María","María","","","popular-names-by-country-dataset","CC0-1.0"
"27","Quechua","country_proxy","EC","","2020","3","male","Dylan","Dylan","","","popular-names-by-country-dataset","CC0-1.0"
"27","Quechua","country_proxy","EC","","2020","4","female","Sofía","Sofía","","","popular-names-by-country-dataset","CC0-1.0"
"27","Quechua","country_proxy","EC","","2020","4","male","José","José","","","popular-names-by-country-dataset","CC0-1.0"
"27","Quechua","country_proxy","EC","","2020","5","female","Emma","Emma","","","popular-names-by-country-dataset","CC0-1.0"
"27","Quechua","country_proxy","EC","","2020","5","male","Ian","Ian","","","popular-names-by-country-dataset","CC0-1.0"
"27","Quechua","country_proxy","EC","","2020","6","female","Emily","Emily","","","popular-names-by-country-dataset","CC0-1.0"
"27","Quechua","country_proxy","EC","","2020","6","male","Carlos","Carlos","","","popular-names-by-country-dataset","CC0-1.0"
"27","Quechua","country_proxy","EC","","2020","7","female","Victoria","Victoria","","","popular-names-by-country-dataset","CC0-1.0"
"27","Quechua","country_proxy","EC","","2020","7","male","Juan","Juan","","","popular-names-by-country-dataset","CC0-1.0"
"27","Quechua","country_proxy","EC","","2020","8","female","Lía","Lía","","","popular-names-by-country-dataset","CC0-1.0"
"27","Quechua","country_proxy","EC","","2020","8","male","Luis","Luis","","","popular-names-by-country-dataset","CC0-1.0"
"27","Quechua","country_proxy","EC","","2020","9","female","Aitana","Aitana","","","popular-names-by-country-dataset","CC0-1.0"
"27","Quechua","country_proxy","EC","","2020","9","male","Gael","Gael","","","popular-names-by-country-dataset","CC0-1.0"
"27","Quechua","country_proxy","EC","","2020","10","female","Isabella","Isabella","","","popular-names-by-country-dataset","CC0-1.0"
"27","Quechua","country_proxy","EC","","2020","10","male","Ángel","Ángel","","","popular-names-by-country-dataset","CC0-1.0"
"27","Quechua","country_proxy","PE","","2020","1","female","Mia","Mia","","","popular-names-by-country-dataset","CC0-1.0"
"27","Quechua","country_proxy","PE","","2020","1","male","Liam","Liam","","","popular-names-by-country-dataset","CC0-1.0"
"27","Quechua","country_proxy","PE","","2020","2","female","Camila","Camila","","","popular-names-by-country-dataset","CC0-1.0"
"27","Quechua","country_proxy","PE","","2020","2","male","Thiago","Thiago","","","popular-names-by-country-dataset","CC0-1.0"
"27","Quechua","country_proxy","PE","","2020","3","female","Alessia","Alessia","","","popular-names-by-country-dataset","CC0-1.0"
"27","Quechua","country_proxy","PE","","2020","3","male","Dylan","Dylan","","","popular-names-by-country-dataset","CC0-1.0"
"27","Quechua","country_proxy","PE","","2020","4","female","Luciana","Luciana","","","popular-names-by-country-dataset","CC0-1.0"
"27","Quechua","country_proxy","PE","","2020","4","male","Gael","Gael","","","popular-names-by-country-dataset","CC0-1.0"
"27","Quechua","country_proxy","PE","","2020","5","female","Zoe","Zoe","","","popular-names-by-country-dataset","CC0-1.0"
"27","Quechua","country_proxy","PE","","2020","5","male","Mateo","Mateo","","","popular-names-by-country-dataset","CC0-1.0"
"27","Quechua","country_proxy","PE","","2020","6","female","Valentina","Valentina","","","popular-names-by-country-dataset","CC0-1.0"
"27","Quechua","country_proxy","PE","","2020","6","male","Ian","Ian","","","popular-names-by-country-dataset","CC0-1.0"
"27","Quechua","country_proxy","PE","","2020","7","female","Aitana","Aitana","","","popular-names-by-country-dataset","CC0-1.0"
"27","Quechua","country_proxy","PE","","2020","7","male","Luis","Luis","","","popular-names-by-country-dataset","CC0-1.0"
"27","Quechua","country_proxy","PE","","2020","8","female","Danna","Danna","","","popular-names-by-country-dataset","CC0-1.0"
"27","Quechua","country_proxy","PE","","2020","8","male","Lucas","Lucas","","","popular-names-by-country-dataset","CC0-1.0"
"27","Quechua","country_proxy","PE","","2020","9","female","Luana","Luana","","","popular-names-by-country-dataset","CC0-1.0"
"27","Quechua","country_proxy","PE","","2020","9","male","Santiago","Santiago","","","popular-names-by-country-dataset","CC0-1.0"
"27","Quechua","country_proxy","PE","","2020","10","female","Ariana","Ariana","","","popular-names-by-country-dataset","CC0-1.0"
"27","Quechua","country_proxy","PE","","2020","10","male","Juan","Juan","","","popular-names-by-country-dataset","CC0-1.0"
"30","Cantonese","country_proxy","CN","","2022","1","female","若汐","Ruòxī","","","popular-names-by-country-dataset","CC0-1.0"
"30","Cantonese","country_proxy","CN","","2022","1","male","沐宸","Mùchén","","","popular-names-by-country-dataset","CC0-1.0"
"30","Cantonese","country_proxy","CN","","2022","2","female","一诺","Yīnuò","","","popular-names-by-country-dataset","CC0-1.0"
"30","Cantonese","country_proxy","CN","","2022","2","male","浩宇","Hàoyǔ","","","popular-names-by-country-dataset","CC0-1.0"
"30","Cantonese","country_proxy","CN","","2022","3","female","艺涵","Yìhán","","","popular-names-by-country-dataset","CC0-1.0"
"30","Cantonese","country_proxy","CN","","2022","3","male","沐辰","Mùchén","","","popular-names-by-country-dataset","CC0-1.0"
"30","Cantonese","country_proxy","CN","","2022","4","female","依诺","Yīnuò","","","popular-names-by-country-dataset","CC0-1.0"
"30","Cantonese","country_proxy","CN","","2022","4","male","茗泽","Míngzé","","","popular-names-by-country-dataset","CC0-1.0"
"30","Cantonese","country_proxy","CN","","2022","5","female","梓涵","Zǐhán","","","popular-names-by-country-dataset","CC0-1.0"
"30","Cantonese","country_proxy","CN","","2022","5","male","奕辰","Yìchén","","","popular-names-by-country-dataset","CC0-1.0"
"30","Cantonese","country_proxy","CN","","2022","6","female","苡沫","Yǐmò","","","popular-names-by-country-dataset","CC0-1.0"
"30","Cantonese","country_proxy","CN","","2022","6","male","宇泽","Yǔzé","","","popular-names-by-country-dataset","CC0-1.0"
"30","Cantonese","country_proxy","CN","","2022","7","female","雨桐","Yǔtóng","","","popular-names-by-country-dataset","CC0-1.0"
"30","Cantonese","country_proxy","CN","","2022","7","male","浩然","Hàorán","","","popular-names-by-country-dataset","CC0-1.0"
"30","Cantonese","country_proxy","CN","","2022","8","female","欣怡","Xīnyí","","","popular-names-by-country-dataset","CC0-1.0"
"30","Cantonese","country_proxy","CN","","2022","8","male","奕泽","Yìzé","","","popular-names-by-country-dataset","CC0-1.0"
"30","Cantonese","country_proxy","CN","","2022","9","female","语桐","Yǔtóng","","","popular-names-by-country-dataset","CC0-1.0"
"30","Cantonese","country_proxy","CN","","2022","9","male","宇轩","Yǔxuān","","","popular-names-by-country-dataset","CC0-1.0"
"30","Cantonese","country_proxy","CN","","2022","10","female","语汐","Yǔxī","","","popular-names-by-country-dataset","CC0-1.0"
"30","Cantonese","country_proxy","CN","","2022","10","male","沐阳","Mùyáng","","","popular-names-by-country-dataset","CC0-1.0"
"31","Mongolian","direct_country","MN","","","1","female","Odval","Odval","","","popular-names-by-country-dataset","CC0-1.0"
"31","Mongolian","direct_country","MN","","","1","male","Naranbaatar","Naranbaatar","","","popular-names-by-country-dataset","CC0-1.0"
"31","Mongolian","direct_country","MN","","","2","female","Bolormaa","Bolormaa","","","popular-names-by-country-dataset","CC0-1.0"
"31","Mongolian","direct_country","MN","","","2","male","Batkhaаn","Batkhaаn","","","popular-names-by-country-dataset","CC0-1.0"
"31","Mongolian","direct_country","MN","","","3","female","Bayarmaa","Bayarmaa","","","popular-names-by-country-dataset","CC0-1.0"
"31","Mongolian","direct_country","MN","","","3","male","Baаtar","Baаtar","","","popular-names-by-country-dataset","CC0-1.0"
"31","Mongolian","direct_country","MN","","","4","female","Oyunbileg","Oyunbileg","","","popular-names-by-country-dataset","CC0-1.0"
"31","Mongolian","direct_country","MN","","","4","male","Chuluun","Chuluun","","","popular-names-by-country-dataset","CC0-1.0"
"31","Mongolian","direct_country","MN","","","5","female","Khongordzol","Khongordzol","","","popular-names-by-country-dataset","CC0-1.0"
"31","Mongolian","direct_country","MN","","","5","male","Sukhbaаtar","Sukhbaаtar","","","popular-names-by-country-dataset","CC0-1.0"
"42","Levantine","regional_proxy","IL","","2020","1","male","Charbel","Charbel","Christian Arab boys","","popular-names-by-country-dataset","CC0-1.0"
"42","Levantine","regional_proxy","IL","","2020","1","female","Lin","Lin","Christian Arab girls","","popular-names-by-country-dataset","CC0-1.0"
"42","Levantine","regional_proxy","IL","","2020","1","male","Adam","Adam","Druze boys","","popular-names-by-country-dataset","CC0-1.0"
"42","Levantine","regional_proxy","IL","","2020","1","female","Mila","Mila","Druze girls","","popular-names-by-country-dataset","CC0-1.0"
"42","Levantine","regional_proxy","IL","","2020","1","male","Muhammad","Muhammad","Muslim boys","","popular-names-by-country-dataset","CC0-1.0"
"42","Levantine","regional_proxy","IL","","2020","1","female","Maryam","Maryam","Muslim girls","","popular-names-by-country-dataset","CC0-1.0"
"42","Levantine","regional_proxy","IL","","2021","1","male","David","David","Jewish boys","","popular-names-by-country-dataset","CC0-1.0"
"42","Levantine","regional_proxy","IL","","2021","1","female","Avigail","Avigail","Jewish girls","","popular-names-by-country-dataset","CC0-1.0"
"42","Levantine","regional_proxy","IL","","2020","2","male","Jude","Jude","Christian Arab boys","","popular-names-by-country-dataset","CC0-1.0"
"42","Levantine","regional_proxy","IL","","2020","2","female","Maria","Maria","Christian Arab girls","","popular-names-by-country-dataset","CC0-1.0"
"42","Levantine","regional_proxy","IL","","2020","2","male","Taim","Taim","Druze boys","","popular-names-by-country-dataset","CC0-1.0"
"42","Levantine","regional_proxy","IL","","2020","2","female","Ayalah","Ayalah","Druze girls","","popular-names-by-country-dataset","CC0-1.0"
"42","Levantine","regional_proxy","IL","","2020","2","male","Ahmad","Ahmad","Muslim boys","","popular-names-by-country-dataset","CC0-1.0"
"42","Levantine","regional_proxy","IL","","2020","2","female","Shams","Shams","Muslim girls","","popular-names-by-country-dataset","CC0-1.0"
"42","Levantine","regional_proxy","IL","","2021","2","male","Ariel","Ariel","Jewish boys","","popular-names-by-country-dataset","CC0-1.0"
"42","Levantine","regional_proxy","IL","","2021","2","female","Tamar","Tamar","Jewish girls","","popular-names-by-country-dataset","CC0-1.0"
"42","Levantine","regional_proxy","IL","","2020","3","male","Niel","Niel","Christian Arab boys","","popular-names-by-country-dataset","CC0-1.0"
"42","Levantine","regional_proxy","IL","","2020","3","female","Sama","Sama","Christian Arab girls","","popular-names-by-country-dataset","CC0-1.0"
"42","Levantine","regional_proxy","IL","","2020","3","male","Niel","Niel","Druze boys","","popular-names-by-country-dataset","CC0-1.0"
"42","Levantine","regional_proxy","IL","","2020","3","female","Lur","Lur","Druze girls","","popular-names-by-country-dataset","CC0-1.0"
"42","Levantine","regional_proxy","IL","","2020","3","male","Adam","Adam","Muslim boys","","popular-names-by-country-dataset","CC0-1.0"
"42","Levantine","regional_proxy","IL","","2020","3","female","Lyn","Lyn","Muslim girls","","popular-names-by-country-dataset","CC0-1.0"
"42","Levantine","regional_proxy","IL","","2021","3","male","Lavi","Lavi","Jewish boys","","popular-names-by-country-dataset","CC0-1.0"
"42","Levantine","regional_proxy","IL","","2021","3","female","Noa","Noa","Jewish girls","","popular-names-by-country-dataset","CC0-1.0"
"42","Levantine","regional_proxy","IL","","2020","4","male","Elias","Elias","Christian Arab boys","","popular-names-by-country-dataset","CC0-1.0"
"42","Levantine","regional_proxy","IL","","2020","4","female","Celine","Celine","Christian Arab girls","","popular-names-by-country-dataset","CC0-1.0"
"42","Levantine","regional_proxy","IL","","2020","4","male","Amir","Amir","Druze boys","","popular-names-by-country-dataset","CC0-1.0"
"42","Levantine","regional_proxy","IL","","2020","4","female","Lin","Lin","Druze girls","","popular-names-by-country-dataset","CC0-1.0"
"42","Levantine","regional_proxy","IL","","2020","4","male","Yusef","Yusef","Muslim boys","","popular-names-by-country-dataset","CC0-1.0"
"42","Levantine","regional_proxy","IL","","2020","4","female","Malek","Malek","Muslim girls","","popular-names-by-country-dataset","CC0-1.0"
"42","Levantine","regional_proxy","IL","","2021","4","male","Uri","Uri","Jewish boys","","popular-names-by-country-dataset","CC0-1.0"
"42","Levantine","regional_proxy","IL","","2021","4","female","Sarah","Sarah","Jewish girls","","popular-names-by-country-dataset","CC0-1.0"
"42","Levantine","regional_proxy","IL","","2020","5","male","Liam","Liam","Christian Arab boys","","popular-names-by-country-dataset","CC0-1.0"
"42","Levantine","regional_proxy","IL","","2020","5","female","Leah","Leah","Christian Arab girls","","popular-names-by-country-dataset","CC0-1.0"
"42","Levantine","regional_proxy","IL","","2020","5","male","Jude","Jude","Druze boys","","popular-names-by-country-dataset","CC0-1.0"
"42","Levantine","regional_proxy","IL","","2020","5","female","Yasmin","Yasmin","Druze girls","","popular-names-by-country-dataset","CC0-1.0"
"42","Levantine","regional_proxy","IL","","2020","5","male","Omer","Omer","Muslim boys","","popular-names-by-country-dataset","CC0-1.0"
"42","Levantine","regional_proxy","IL","","2020","5","female","Jori","Jori","Muslim girls","","popular-names-by-country-dataset","CC0-1.0"
"42","Levantine","regional_proxy","IL","","2021","5","male","Refael","Refael","Jewish boys","","popular-names-by-country-dataset","CC0-1.0"
"42","Levantine","regional_proxy","IL","","2021","5","female","Adele","Adele","Jewish girls","","popular-names-by-country-dataset","CC0-1.0"
"42","Levantine","regional_proxy","IL","","2020","6","male","George","George","Christian Arab boys","","popular-names-by-country-dataset","CC0-1.0"
"42","Levantine","regional_proxy","IL","","2020","6","male","Ali","Ali","Muslim boys","","popular-names-by-country-dataset","CC0-1.0"
"42","Levantine","regional_proxy","IL","","2020","6","female","Lian","Lian","Muslim girls","","popular-names-by-country-dataset","CC0-1.0"
"42","Levantine","regional_proxy","IL","","2021","6","male","Noam","Noam","Jewish boys","","popular-names-by-country-dataset","CC0-1.0"
"42","Levantine","regional_proxy","IL","","2021","6","female","Maya","Maya","Jewish girls","","popular-names-by-country-dataset","CC0-1.0"
"42","Levantine","regional_proxy","IL","","2020","7","male","Abd","Abd","Muslim boys","","popular-names-by-country-dataset","CC0-1.0"
"42","Levantine","regional_proxy","IL","","2020","7","female","Mila","Mila","Muslim girls","","popular-names-by-country-dataset","CC0-1.0"
"42","Levantine","regional_proxy","IL","","2021","7","male","Eitan","Eitan","Jewish boys","","popular-names-by-country-dataset","CC0-1.0"
"42","Levantine","regional_proxy","IL","","2021","7","female","Lia","Lia","Jewish girls","","popular-names-by-country-dataset","CC0-1.0"
"42","Levantine","regional_proxy","IL","","2020","8","male","Amir","Amir","Muslim boys","","popular-names-by-country-dataset","CC0-1.0"
"42","Levantine","regional_proxy","IL","","2020","8","female","Aline","Aline","Muslim girls","","popular-names-by-country-dataset","CC0-1.0"
"42","Levantine","regional_proxy","IL","","2021","8","male","Ari","Ari","Jewish boys","","popular-names-by-country-dataset","CC0-1.0"
"42","Levantine","regional_proxy","IL","","2021","8","female","Ayala","Ayala","Jewish girls","","popular-names-by-country-dataset","CC0-1.0"
"42","Levantine","regional_proxy","IL","","2020","9","male","Ibrahim","Ibrahim","Muslim boys","","popular-names-by-country-dataset","CC0-1.0"
"42","Levantine","regional_proxy","IL","","2020","9","female","Nur","Nur","Muslim girls","","popular-names-by-country-dataset","CC0-1.0"
"42","Levantine","regional_proxy","IL","","2021","9","male","Daniel","Daniel","Jewish boys","","popular-names-by-country-dataset","CC0-1.0"
"42","Levantine","regional_proxy","IL","","2020","10","male","Mahmoud","Mahmoud","Muslim boys","","popular-names-by-country-dataset","CC0-1.0"
"42","Levantine","regional_proxy","IL","","2020","10","female","Marya","Marya","Muslim girls","","popular-names-by-country-dataset","CC0-1.0"
"42","Levantine","regional_proxy","IL","","2021","10","male","Yehuda","Yehuda","Jewish boys","","popular-names-by-country-dataset","CC0-1.0"
"42","Levantine","regional_proxy","JO","","2020","1","female","Jouri","Jouri","","","popular-names-by-country-dataset","CC0-1.0"
"42","Levantine","regional_proxy","JO","","2020","1","male","Mohammad","Mohammad","","","popular-names-by-country-dataset","CC0-1.0"
"42","Levantine","regional_proxy","JO","","2020","2","female","Salma","Salma","","","popular-names-by-country-dataset","CC0-1.0"
"42","Levantine","regional_proxy","JO","","2020","2","male","Adam","Adam","","","popular-names-by-country-dataset","CC0-1.0"
"42","Levantine","regional_proxy","JO","","2020","3","female","Naya","Naya","","","popular-names-by-country-dataset","CC0-1.0"
"42","Levantine","regional_proxy","JO","","2020","3","male","Ahmed","Ahmed","","","popular-names-by-country-dataset","CC0-1.0"
"42","Levantine","regional_proxy","JO","","2020","4","female","Mira","Mira","","","popular-names-by-country-dataset","CC0-1.0"
"42","Levantine","regional_proxy","JO","","2020","4","male","Youssef","Youssef","","","popular-names-by-country-dataset","CC0-1.0"
"42","Levantine","regional_proxy","JO","","2020","5","female","Lianne","Lianne","","","popular-names-by-country-dataset","CC0-1.0"
"42","Levantine","regional_proxy","JO","","2020","5","male","Omar","Omar","","","popular-names-by-country-dataset","CC0-1.0"
"42","Levantine","regional_proxy","JO","","2020","6","female","Leen","Leen","","","popular-names-by-country-dataset","CC0-1.0"
"42","Levantine","regional_proxy","JO","","2020","6","male","Karam","Karam","","","popular-names-by-country-dataset","CC0-1.0"
"42","Levantine","regional_proxy","JO","","2020","7","female","Zina","Zina","","","popular-names-by-country-dataset","CC0-1.0"
"42","Levantine","regional_proxy","JO","","2020","7","male","Shahem","Shahem","","","popular-names-by-country-dataset","CC0-1.0"
"42","Levantine","regional_proxy","JO","","2020","8","female","Mariam","Mariam","","","popular-names-by-country-dataset","CC0-1.0"
"42","Levantine","regional_proxy","JO","","2020","8","male","Jad","Jad","","","popular-names-by-country-dataset","CC0-1.0"
"42","Levantine","regional_proxy","JO","","2020","9","female","Wateen","Wateen","","","popular-names-by-country-dataset","CC0-1.0"
"42","Levantine","regional_proxy","JO","","2020","9","male","Ali","Ali","","","popular-names-by-country-dataset","CC0-1.0"
"42","Levantine","regional_proxy","JO","","2020","10","female","Tuleen","Tuleen","","","popular-names-by-country-dataset","CC0-1.0"
"42","Levantine","regional_proxy","JO","","2020","10","male","Hashem","Hashem","","","popular-names-by-country-dataset","CC0-1.0"
"42","Levantine","regional_proxy","LB","","2015","1","female","Marie","Marie","","","popular-names-by-country-dataset","CC0-1.0"
"42","Levantine","regional_proxy","LB","","2015","1","male","Elie","Elie","","","popular-names-by-country-dataset","CC0-1.0"
"42","Levantine","regional_proxy","LB","","2015","2","female","Fatima","Fatima","","","popular-names-by-country-dataset","CC0-1.0"
"42","Levantine","regional_proxy","LB","","2015","2","male","Mohammad","Mohammad","","","popular-names-by-country-dataset","CC0-1.0"
"42","Levantine","regional_proxy","LB","","2015","3","female","Jessica","Jessica","","","popular-names-by-country-dataset","CC0-1.0"
"42","Levantine","regional_proxy","LB","","2015","3","male","Charbel","Charbel","","","popular-names-by-country-dataset","CC0-1.0"
"42","Levantine","regional_proxy","LB","","2015","4","female","Zeinab","Zeinab","","","popular-names-by-country-dataset","CC0-1.0"
"42","Levantine","regional_proxy","LB","","2015","4","male","Ali","Ali","","","popular-names-by-country-dataset","CC0-1.0"
"42","Levantine","regional_proxy","LB","","2015","5","female","Mariam","Mariam","","","popular-names-by-country-dataset","CC0-1.0"
"42","Levantine","regional_proxy","LB","","2015","5","male","Hassan","Hassan","","","popular-names-by-country-dataset","CC0-1.0"
"42","Levantine","regional_proxy","LB","","2015","6","female","Sarah","Sarah","","","popular-names-by-country-dataset","CC0-1.0"
"42","Levantine","regional_proxy","LB","","2015","6","male","Hussein","Hussein","","","popular-names-by-country-dataset","CC0-1.0"
"42","Levantine","regional_proxy","LB","","2015","7","female","Maya","Maya","","","popular-names-by-country-dataset","CC0-1.0"
"42","Levantine","regional_proxy","LB","","2015","7","male","George","George","","","popular-names-by-country-dataset","CC0-1.0"
"42","Levantine","regional_proxy","LB","","2015","8","female","Layla","Layla","","","popular-names-by-country-dataset","CC0-1.0"
"42","Levantine","regional_proxy","LB","","2015","8","male","Ahmad","Ahmad","","","popular-names-by-country-dataset","CC0-1.0"
"42","Levantine","regional_proxy","LB","","2015","9","female","Christina","Christina","","","popular-names-by-country-dataset","CC0-1.0"
"42","Levantine","regional_proxy","LB","","2015","9","male","Christian","Christian","","","popular-names-by-country-dataset","CC0-1.0"
"42","Levantine","regional_proxy","LB","","2015","10","female","Amal","Amal","","","popular-names-by-country-dataset","CC0-1.0"
"42","Levantine","regional_proxy","LB","","2015","10","male","Joe","Joe","","","popular-names-by-country-dataset","CC0-1.0"
